id,id_ville,ville,nom,url,note,latitude,longitude
5871c9c2-9404-4068-ae8d-f05aa4a3bde5,fb1372c111d5,Mont Saint Michel,Hôtel Vert,https://www.booking.com/hotel/fr/vert.fr.html?aid=304142&label=gen173nr-10CAQoggJCGHNlYXJjaF9tb250IHNhaW50IG1pY2hlbEgNWARoTYgBAZgBM7gBF8gBDNgBA-gBAfgBAYgCAagCAbgC9uqQxQbAAgHSAiQ0ZDM0YzE4Yi04ODRiLTQ0NmQtOTllZS03NTM4OGMwZmZlNznYAgHgAgE&ucfs=1&arphpl=1&group_adults=2&req_adults=2&no_rooms=1&group_children=0&req_children=0&hpos=1&hapos=1&sr_order=popularity&srpvid=52523b7bde4e06b3&srepoch=1755592053&from=searchresults,"Avec une note de 8,1
8,1
Très bien
6 110 expériences vécues",48.6359541,-1.51146
d23d3759-3ae2-4ff0-99fe-d3d165bfff3e,fb1372c111d5,Mont Saint Michel,La Mère Poulard,https://www.booking.com/hotel/fr/la-mere-poulard.fr.html?aid=304142&label=gen173nr-10CAQoggJCGHNlYXJjaF9tb250IHNhaW50IG1pY2hlbEgNWARoTYgBAZgBM7gBF8gBDNgBA-gBAfgBAYgCAagCAbgC9uqQxQbAAgHSAiQ0ZDM0YzE4Yi04ODRiLTQ0NmQtOTllZS03NTM4OGMwZmZlNznYAgHgAgE&ucfs=1&arphpl=1&group_adults=2&req_adults=2&no_rooms=1&group_children=0&req_children=0&hpos=2&hapos=2&sr_order=popularity&srpvid=52523b7bde4e06b3&srepoch=1755592053&from=searchresults,"Avec une note de 7,6
7,6
Bien 
3 392 expériences vécues",48.6359541,-1.51146
15a33cda-6780-4216-9a88-591059307b93,fb1372c111d5,Mont Saint Michel,Auberge Saint Pierre,https://www.booking.com/hotel/fr/auberge-saint-pierre.fr.html?aid=304142&label=gen173nr-10CAQoggJCGHNlYXJjaF9tb250IHNhaW50IG1pY2hlbEgNWARoTYgBAZgBM7gBF8gBDNgBA-gBAfgBAYgCAagCAbgC9uqQxQbAAgHSAiQ0ZDM0YzE4Yi04ODRiLTQ0NmQtOTllZS03NTM4OGMwZmZlNznYAgHgAgE&ucfs=1&arphpl=1&group_adults=2&req_adults=2&no_rooms=1&group_children=0&req_children=0&hpos=3&hapos=3&sr_order=popularity&srpvid=52523b7bde4e06b3&srepoch=1755592053&from=searchresults,"Avec une note de 8,1
8,1
Très bien
1 216 expériences vécues",48.6359541,-1.51146
ee61d6ab-fbfb-463c-bfe4-6f2c763d1665,b1926dc4d399,Saint Malo,Hotel des Abers,https://www.booking.com/hotel/fr/des-abers.fr.html?aid=304142&label=gen173nr-10CAQoggJCEXNlYXJjaF9zYWludCBtYWxvSA1YBGhNiAEBmAEzuAEXyAEM2AED6AEB-AEBiAIBqAIBuAL76pDFBsACAdICJDAxM2JiYzNlLTliNmEtNDkzYy04ZWZhLWVmY2YyMzJmMzA0OdgCAeACAQ&ucfs=1&arphpl=1&group_adults=2&req_adults=2&no_rooms=1&group_children=0&req_children=0&hpos=1&hapos=1&sr_order=popularity&srpvid=40743b7d6b9707ad&srepoch=1755592057&from=searchresults,"Avec une note de 8,8
8,8
Superbe
516 expériences vécues",48.649518,-2.0260409
942cbdf7-7b16-4db0-8147-f93ef6e37d9e,b1926dc4d399,Saint Malo,Apartment Les Armateurs by Interhome,https://www.booking.com/hotel/fr/apartment-les-armateurs.fr.html?aid=304142&label=gen173nr-10CAQoggJCEXNlYXJjaF9zYWludCBtYWxvSA1YBGhNiAEBmAEzuAEXyAEM2AED6AEB-AEBiAIBqAIBuAL76pDFBsACAdICJDAxM2JiYzNlLTliNmEtNDkzYy04ZWZhLWVmY2YyMzJmMzA0OdgCAeACAQ&ucfs=1&arphpl=1&group_adults=2&req_adults=2&no_rooms=1&group_children=0&req_children=0&hpos=2&hapos=2&sr_order=popularity&srpvid=40743b7d6b9707ad&srepoch=1755592057&from=searchresults,"Avec une note de 8,7
8,7
Superbe
18 expériences vécues",48.649518,-2.0260409
50a86065-685d-4bd9-a4ba-6da4289abb0e,b1926dc4d399,Saint Malo,Hôtel France et Chateaubriand,https://www.booking.com/hotel/fr/de-france-et-chateaubriand.fr.html?aid=304142&label=gen173nr-10CAQoggJCEXNlYXJjaF9zYWludCBtYWxvSA1YBGhNiAEBmAEzuAEXyAEM2AED6AEB-AEBiAIBqAIBuAL76pDFBsACAdICJDAxM2JiYzNlLTliNmEtNDkzYy04ZWZhLWVmY2YyMzJmMzA0OdgCAeACAQ&ucfs=1&arphpl=1&group_adults=2&req_adults=2&no_rooms=1&group_children=0&req_children=0&hpos=3&hapos=3&sr_order=popularity&srpvid=40743b7d6b9707ad&srepoch=1755592057&from=searchresults,"Avec une note de 7,9
7,9
Bien 
2 672 expériences vécues",48.649518,-2.0260409
919e797d-db88-4137-bfb5-5f3ffca3b602,5fd0187b51b2,Bayeux,Château de Monceaux 5mn de Bayeux proche Mer,https://www.booking.com/hotel/fr/le-chateau-de-monceau.fr.html?aid=304142&label=gen173nr-10CAQoggJCDXNlYXJjaF9iYXlldXhIDVgEaE2IAQGYATO4ARfIAQzYAQPoAQH4AQGIAgGoAgG4AoLrkMUGwAIB0gIkYWMwYzliMjQtMzc3NS00N2E4LWI3NDAtYTQyNzE4MzJlNjVk2AIB4AIB&ucfs=1&arphpl=1&group_adults=2&req_adults=2&no_rooms=1&group_children=0&req_children=0&hpos=1&hapos=1&sr_order=popularity&srpvid=01ee3b818cc30568&srepoch=1755592064&from=searchresults,"Avec une note de 9,5
9,5
Exceptionnel
59 expériences vécues",49.2764624,-0.7024738
8f6803bf-8986-492f-a5b5-ee0aacabb73c,5fd0187b51b2,Bayeux,B&B Nathalie,https://www.booking.com/hotel/fr/imagine-bayeux.fr.html?aid=304142&label=gen173nr-10CAQoggJCDXNlYXJjaF9iYXlldXhIDVgEaE2IAQGYATO4ARfIAQzYAQPoAQH4AQGIAgGoAgG4AoLrkMUGwAIB0gIkYWMwYzliMjQtMzc3NS00N2E4LWI3NDAtYTQyNzE4MzJlNjVk2AIB4AIB&ucfs=1&arphpl=1&group_adults=2&req_adults=2&no_rooms=1&group_children=0&req_children=0&hpos=2&hapos=2&sr_order=popularity&srpvid=01ee3b818cc30568&srepoch=1755592064&from=searchresults,"Avec une note de 9,6
9,6
Exceptionnel
266 expériences vécues",49.2764624,-0.7024738
9ce04f13-90fb-4db8-b860-8fa76d823b1b,5fd0187b51b2,Bayeux,"Apt duplex ou plain pied tout confort plein centre ville Bayeux proche commerces, restaurants, avec terrasse privative ou jardin commun aménagé clos, parking gratuit à proximité, proche plages du débarquement",https://www.booking.com/hotel/fr/immolidays.fr.html?aid=304142&label=gen173nr-10CAQoggJCDXNlYXJjaF9iYXlldXhIDVgEaE2IAQGYATO4ARfIAQzYAQPoAQH4AQGIAgGoAgG4AoLrkMUGwAIB0gIkYWMwYzliMjQtMzc3NS00N2E4LWI3NDAtYTQyNzE4MzJlNjVk2AIB4AIB&ucfs=1&arphpl=1&group_adults=2&req_adults=2&no_rooms=1&group_children=0&req_children=0&hpos=3&hapos=3&sr_order=popularity&srpvid=01ee3b818cc30568&srepoch=1755592064&from=searchresults,"Avec une note de 8,0
8,0
Très bien
414 expériences vécues",49.2764624,-0.7024738
a8f2354e-31af-41b7-b3e6-499ef1627900,4e9b8cad09f6,Le Havre,Le Havre Superbe appartement avec grande terrasse,https://www.booking.com/hotel/fr/le-havre-superbe-appartement-avec-grande-terrasse.fr.html?aid=304142&label=gen173nr-10CAQoggJCD3NlYXJjaF9sZSBoYXZyZUgNWARoTYgBAZgBM7gBF8gBDNgBA-gBAfgBAYgCAagCAbgCieuQxQbAAgHSAiRiM2JjNjk0My05YjkyLTQ2ODYtYjY0Zi1iMWVhNTc4NDAwY2HYAgHgAgE&ucfs=1&arphpl=1&group_adults=2&req_adults=2&no_rooms=1&group_children=0&req_children=0&hpos=1&hapos=1&sr_order=popularity&srpvid=e19b3b843b9a0323&srepoch=1755592072&from=searchresults,"Avec une note de 7,4
7,4
Bien 
9 expériences vécues",49.4938975,0.1079732
8fbd056a-b7e9-48d5-a0ab-cec8bc8403d2,4e9b8cad09f6,Le Havre,Les Gîtes Havrais,https://www.booking.com/hotel/fr/les-gites-havrais.fr.html?aid=304142&label=gen173nr-10CAQoggJCD3NlYXJjaF9sZSBoYXZyZUgNWARoTYgBAZgBM7gBF8gBDNgBA-gBAfgBAYgCAagCAbgCieuQxQbAAgHSAiRiM2JjNjk0My05YjkyLTQ2ODYtYjY0Zi1iMWVhNTc4NDAwY2HYAgHgAgE&ucfs=1&arphpl=1&group_adults=2&req_adults=2&no_rooms=1&group_children=0&req_children=0&hpos=2&hapos=2&sr_order=popularity&srpvid=e19b3b843b9a0323&srepoch=1755592072&from=searchresults,"Avec une note de 8,3
8,3
Très bien
24 expériences vécues",49.4938975,0.1079732
8a1c7efe-0c97-4aec-ae7f-96c8790a7e93,4e9b8cad09f6,Le Havre,Hotel Spa Le Pasino,https://www.booking.com/hotel/fr/pasino.fr.html?aid=304142&label=gen173nr-10CAQoggJCD3NlYXJjaF9sZSBoYXZyZUgNWARoTYgBAZgBM7gBF8gBDNgBA-gBAfgBAYgCAagCAbgCieuQxQbAAgHSAiRiM2JjNjk0My05YjkyLTQ2ODYtYjY0Zi1iMWVhNTc4NDAwY2HYAgHgAgE&ucfs=1&arphpl=1&group_adults=2&req_adults=2&no_rooms=1&group_children=0&req_children=0&hpos=3&hapos=3&sr_order=popularity&srpvid=e19b3b843b9a0323&srepoch=1755592072&from=searchresults,"Avec une note de 8,2
8,2
Très bien
1 067 expériences vécues",49.4938975,0.1079732
80e22501-4544-4d2a-8c81-2f78618c8626,e76e9773c33d,Rouen,SPACIEUX DUPLEX PRES DES QUAIS DE SEINE LINGE MAISON FOURNI PARKING GRATUIT 4 CHAMBRES bienvenue à vous,https://www.booking.com/hotel/fr/spacieux-duplex-pret-des-quais-de-seine.fr.html?aid=304142&label=gen173nr-10CAQoggJCDHNlYXJjaF9yb3VlbkgNWARoTYgBAZgBM7gBF8gBDNgBA-gBAfgBAYgCAagCAbgCkOuQxQbAAgHSAiQ4NzI5ZWU3Yy0yYWZhLTQwMDgtODZhOC0xYTJkZTUwMzNjYWbYAgHgAgE&ucfs=1&arphpl=1&group_adults=2&req_adults=2&no_rooms=1&group_children=0&req_children=0&hpos=1&hapos=1&sr_order=popularity&srpvid=90123b88e60607c5&srepoch=1755592079&from=searchresults,"Avec une note de 9,2
9,2
Fabuleux 
248 expériences vécues",49.4404591,1.0939658
b9042b99-0788-4484-8a78-39855cfea660,e76e9773c33d,Rouen,Appart'HomeCity - Rouen Marne Impressionniste,https://www.booking.com/hotel/fr/appart-homecity-rouen-marne-impressionniste.fr.html?aid=304142&label=gen173nr-10CAQoggJCDHNlYXJjaF9yb3VlbkgNWARoTYgBAZgBM7gBF8gBDNgBA-gBAfgBAYgCAagCAbgCkOuQxQbAAgHSAiQ4NzI5ZWU3Yy0yYWZhLTQwMDgtODZhOC0xYTJkZTUwMzNjYWbYAgHgAgE&ucfs=1&arphpl=1&group_adults=2&req_adults=2&no_rooms=1&group_children=0&req_children=0&hpos=2&hapos=2&sr_order=popularity&srpvid=90123b88e60607c5&srepoch=1755592079&from=searchresults,"Avec une note de 7,7
7,7
Bien 
20 expériences vécues",49.4404591,1.0939658
4238c741-f7f3-452a-8c0b-6356e905209d,e76e9773c33d,Rouen,Eco-Appart'hôtel Rouen - JDP,https://www.booking.com/hotel/fr/eco-appart-jardin-des-plantes.fr.html?aid=304142&label=gen173nr-10CAQoggJCDHNlYXJjaF9yb3VlbkgNWARoTYgBAZgBM7gBF8gBDNgBA-gBAfgBAYgCAagCAbgCkOuQxQbAAgHSAiQ4NzI5ZWU3Yy0yYWZhLTQwMDgtODZhOC0xYTJkZTUwMzNjYWbYAgHgAgE&ucfs=1&arphpl=1&group_adults=2&req_adults=2&no_rooms=1&group_children=0&req_children=0&hpos=3&hapos=3&sr_order=popularity&srpvid=90123b88e60607c5&srepoch=1755592079&from=searchresults,"Avec une note de 8,7
8,7
Superbe
112 expériences vécues",49.4404591,1.0939658
bb446d17-510a-4365-8aaa-7760eb5fdbf7,ccbee73cd81c,Paris,Vivez au coeur du centre de Paris! Métro à 1min - Proche Republique,https://www.booking.com/hotel/fr/1min-from-the-metro-live-in-the-heart-of-paris.fr.html?aid=304142&label=gen173nr-10CAQoggJCDHNlYXJjaF9wYXJpc0gNWARoTYgBAZgBM7gBF8gBDNgBA-gBAfgBAYgCAagCAbgCmOuQxQbAAgHSAiQ1OThjODBkOS1mYzA4LTQ2MGYtYTU5My0yMjNiZjAxZWUyZDXYAgHgAgE&ucfs=1&arphpl=1&group_adults=2&req_adults=2&no_rooms=1&group_children=0&req_children=0&hpos=1&hapos=1&sr_order=popularity&srpvid=27c03b8bd0310d76&srepoch=1755592086&from=searchresults,"Avec une note de 7,9
7,9
Bien 
8 expériences vécues",48.8534951,2.3483915
676589c4-c1d9-4a7c-bbfc-104fcdbbd3b8,ccbee73cd81c,Paris,Merveil - Luxury Suite - Louvre - Opera II,https://www.booking.com/hotel/fr/luxury-3-bedrooms-2-bathrooms-apartment-opera-louvre.fr.html?aid=304142&label=gen173nr-10CAQoggJCDHNlYXJjaF9wYXJpc0gNWARoTYgBAZgBM7gBF8gBDNgBA-gBAfgBAYgCAagCAbgCmOuQxQbAAgHSAiQ1OThjODBkOS1mYzA4LTQ2MGYtYTU5My0yMjNiZjAxZWUyZDXYAgHgAgE&ucfs=1&arphpl=1&group_adults=2&req_adults=2&no_rooms=1&group_children=0&req_children=0&hpos=2&hapos=2&sr_order=popularity&srpvid=27c03b8bd0310d76&srepoch=1755592086&from=searchresults,"Avec une note de 9,0
9,0
Fabuleux 
66 expériences vécues",48.8534951,2.3483915
0addd824-2d25-43f1-909b-f17855c154a0,ccbee73cd81c,Paris,Hôtel Saint-Pétersbourg Opéra & Spa,https://www.booking.com/hotel/fr/saintpetersbourg.fr.html?aid=304142&label=gen173nr-10CAQoggJCDHNlYXJjaF9wYXJpc0gNWARoTYgBAZgBM7gBF8gBDNgBA-gBAfgBAYgCAagCAbgCmOuQxQbAAgHSAiQ1OThjODBkOS1mYzA4LTQ2MGYtYTU5My0yMjNiZjAxZWUyZDXYAgHgAgE&ucfs=1&arphpl=1&group_adults=2&req_adults=2&no_rooms=1&group_children=0&req_children=0&hpos=3&hapos=3&sr_order=popularity&srpvid=27c03b8bd0310d76&srepoch=1755592086&from_sustainable_property_sr=1&from=searchresults,"Avec une note de 8,9
8,9
Superbe
4 684 expériences vécues",48.8534951,2.3483915
dc16ca81-35c8-4645-a27c-663bebfbe833,ebffa599f435,Amiens,SPA - 4 Pers - NETFLIX - Gare - Parking,https://www.booking.com/hotel/fr/unique-spa-4-pers-netflix-gare.fr.html?aid=304142&label=gen173nr-10CAQoggJCDXNlYXJjaF9hbWllbnNIDVgEaE2IAQGYATO4ARfIAQzYAQPoAQH4AQGIAgGoAgG4Ap_rkMUGwAIB0gIkZDkxNmQzNGQtYTllZC00OGI3LTljNjEtMGNjYzc3OTAxNDBi2AIB4AIB&ucfs=1&arphpl=1&group_adults=2&req_adults=2&no_rooms=1&group_children=0&req_children=0&hpos=1&hapos=1&sr_order=popularity&srpvid=01ee3b8f22e908e8&srepoch=1755592093&from=searchresults,"Avec une note de 8,2
8,2
Très bien
87 expériences vécues",49.8941708,2.2956951
a4a11dd0-46cd-498c-b87b-3bd3525d7d65,ebffa599f435,Amiens,duplex proche gare vue tour Perret avec parking gratuit,https://www.booking.com/hotel/fr/duplex-proche-gare-amiens.fr.html?aid=304142&label=gen173nr-10CAQoggJCDXNlYXJjaF9hbWllbnNIDVgEaE2IAQGYATO4ARfIAQzYAQPoAQH4AQGIAgGoAgG4Ap_rkMUGwAIB0gIkZDkxNmQzNGQtYTllZC00OGI3LTljNjEtMGNjYzc3OTAxNDBi2AIB4AIB&ucfs=1&arphpl=1&group_adults=2&req_adults=2&no_rooms=1&group_children=0&req_children=0&hpos=2&hapos=2&sr_order=popularity&srpvid=01ee3b8f22e908e8&srepoch=1755592093&from=searchresults,"Avec une note de 8,4
8,4
Très bien
98 expériences vécues",49.8941708,2.2956951
0a9bf125-08da-4077-8422-ef631bffc94d,ebffa599f435,Amiens,Holiday Inn Express Amiens by IHG,https://www.booking.com/hotel/fr/express-by-holiday-inn.fr.html?aid=304142&label=gen173nr-10CAQoggJCDXNlYXJjaF9hbWllbnNIDVgEaE2IAQGYATO4ARfIAQzYAQPoAQH4AQGIAgGoAgG4Ap_rkMUGwAIB0gIkZDkxNmQzNGQtYTllZC00OGI3LTljNjEtMGNjYzc3OTAxNDBi2AIB4AIB&ucfs=1&arphpl=1&group_adults=2&req_adults=2&no_rooms=1&group_children=0&req_children=0&hpos=3&hapos=3&sr_order=popularity&srpvid=01ee3b8f22e908e8&srepoch=1755592093&from=searchresults,"Avec une note de 8,0
8,0
Très bien
3 380 expériences vécues",49.8941708,2.2956951
51a624be-3a50-4375-81ef-6b49c48559cf,964a8bed31d6,Lille,Paddy's Place,https://www.booking.com/hotel/fr/paddy-39-s-place.fr.html?aid=304142&label=gen173nr-10CAQoggJCDHNlYXJjaF9saWxsZUgNWARoTYgBAZgBM7gBF8gBDNgBA-gBAfgBAYgCAagCAbgCpuuQxQbAAgHSAiQ1ZmFlYTZkYS1lNjEwLTQ3NDMtYTFmOS03Yjk3NTdkNTFkNTXYAgHgAgE&ucfs=1&arphpl=1&group_adults=2&req_adults=2&no_rooms=1&group_children=0&req_children=0&hpos=1&hapos=1&sr_order=popularity&srpvid=29063b937ad80575&srepoch=1755592101&from=searchresults,"Avec une note de 8,6
8,6
Superbe
56 expériences vécues",50.6365654,3.0635282
5e33a2d2-101d-4a2c-9f83-3eb8a3e65cce,964a8bed31d6,Lille,Chez Georges - Auberge Contemporaine,https://www.booking.com/hotel/fr/chez-georges-auberge-contemporaine.fr.html?aid=304142&label=gen173nr-10CAQoggJCDHNlYXJjaF9saWxsZUgNWARoTYgBAZgBM7gBF8gBDNgBA-gBAfgBAYgCAagCAbgCpuuQxQbAAgHSAiQ1ZmFlYTZkYS1lNjEwLTQ3NDMtYTFmOS03Yjk3NTdkNTFkNTXYAgHgAgE&ucfs=1&arphpl=1&group_adults=2&req_adults=2&no_rooms=1&group_children=0&req_children=0&hpos=2&hapos=2&sr_order=popularity&srpvid=29063b937ad80575&srepoch=1755592101&from=searchresults,"Avec une note de 8,7
8,7
Superbe
36 expériences vécues",50.6365654,3.0635282
796b47c7-5c36-477b-ab5d-d17252a48fc3,964a8bed31d6,Lille,Campanile Lille Euralille,https://www.booking.com/hotel/fr/campanile-lille-euralille-xml.fr.html?aid=304142&label=gen173nr-10CAQoggJCDHNlYXJjaF9saWxsZUgNWARoTYgBAZgBM7gBF8gBDNgBA-gBAfgBAYgCAagCAbgCpuuQxQbAAgHSAiQ1ZmFlYTZkYS1lNjEwLTQ3NDMtYTFmOS03Yjk3NTdkNTFkNTXYAgHgAgE&ucfs=1&arphpl=1&group_adults=2&req_adults=2&no_rooms=1&group_children=0&req_children=0&hpos=3&hapos=3&sr_order=popularity&srpvid=29063b937ad80575&srepoch=1755592101&from=searchresults,"Avec une note de 8,1
8,1
Très bien
4 352 expériences vécues",50.6365654,3.0635282
8acdd255-edba-4dca-9f2b-58d5580d31c1,bb29bb72d5fe,Strasbourg,Townhouse - Strasbourg Robertsau,https://www.booking.com/hotel/fr/townhouse-strasbourg-robertsau.fr.html?aid=304142&label=gen173nr-10CAQoggJCEXNlYXJjaF9zdHJhc2JvdXJnSA1YBGhNiAEBmAEzuAEXyAEM2AED6AEB-AEBiAIBqAIBuAKt65DFBsACAdICJDg4ZjNkODRhLWI0NWQtNGEwZC04MDE4LTQ4ODViNmM5ZDZiNNgCAeACAQ&ucfs=1&arphpl=1&group_adults=2&req_adults=2&no_rooms=1&group_children=0&req_children=0&hpos=1&hapos=1&sr_order=popularity&srpvid=b72a3b96c6af12b3&srepoch=1755592108&from=searchresults,"Avec une note de 9,6
9,6
Exceptionnel
35 expériences vécues",48.584614,7.7507127
96c7c7bb-6847-48ef-be2e-8bd12439b0b8,bb29bb72d5fe,Strasbourg,Aparthotel Adagio Strasbourg Place Kleber,https://www.booking.com/hotel/fr/adagio-city-aparthotel-strasbourg-place-kleber.fr.html?aid=304142&label=gen173nr-10CAQoggJCEXNlYXJjaF9zdHJhc2JvdXJnSA1YBGhNiAEBmAEzuAEXyAEM2AED6AEB-AEBiAIBqAIBuAKt65DFBsACAdICJDg4ZjNkODRhLWI0NWQtNGEwZC04MDE4LTQ4ODViNmM5ZDZiNNgCAeACAQ&ucfs=1&arphpl=1&group_adults=2&req_adults=2&no_rooms=1&group_children=0&req_children=0&hpos=2&hapos=2&sr_order=popularity&srpvid=b72a3b96c6af12b3&srepoch=1755592108&from=searchresults,"Avec une note de 8,1
8,1
Très bien
884 expériences vécues",48.584614,7.7507127
701f6fca-c56e-4ec8-8a66-0c62765a580a,bb29bb72d5fe,Strasbourg,Ciarus,https://www.booking.com/hotel/fr/ciarus.fr.html?aid=304142&label=gen173nr-10CAQoggJCEXNlYXJjaF9zdHJhc2JvdXJnSA1YBGhNiAEBmAEzuAEXyAEM2AED6AEB-AEBiAIBqAIBuAKt65DFBsACAdICJDg4ZjNkODRhLWI0NWQtNGEwZC04MDE4LTQ4ODViNmM5ZDZiNNgCAeACAQ&ucfs=1&arphpl=1&group_adults=2&req_adults=2&no_rooms=1&group_children=0&req_children=0&hpos=3&hapos=3&sr_order=popularity&srpvid=b72a3b96c6af12b3&srepoch=1755592108&from_sustainable_property_sr=1&from=searchresults,"Avec une note de 8,1
8,1
Très bien
3 668 expériences vécues",48.584614,7.7507127
3b359d2f-6c52-4da1-a99d-24ba39039809,794f211090be,Chateau du Haut Koenigsbourg,Domaine du Haut-Koenigsbourg,https://www.booking.com/hotel/fr/les-chambres-du-haut-koenigsbourg.fr.html?aid=304142&label=gen173nr-10CAQoggJCI3NlYXJjaF9jaGF0ZWF1IGR1IGhhdXQga29lbmlnc2JvdXJnSA1YBGhNiAEBmAEzuAEXyAEM2AED6AEB-AEBiAIBqAIBuAK165DFBsACAdICJDRkMzFkMTk0LTkxYjEtNDQwOS05ZmU4LTgzNTI0OTUxZTlmYtgCAeACAQ&ucfs=1&arphpl=1&group_adults=2&req_adults=2&no_rooms=1&group_children=0&req_children=0&hpos=1&hapos=1&sr_order=popularity&srpvid=c62b3b9a78c60334&srepoch=1755592115&from=searchresults,"Avec une note de 8,2
8,2
Très bien
708 expériences vécues",48.2494107,7.3443202
1d0bf5d4-2ac0-4c04-a613-f5259865f31a,794f211090be,Chateau du Haut Koenigsbourg,La forêt Enchantée - Cozy Immo,https://www.booking.com/hotel/fr/la-foret-enchantee-cozy-immo.fr.html?aid=304142&label=gen173nr-10CAQoggJCI3NlYXJjaF9jaGF0ZWF1IGR1IGhhdXQga29lbmlnc2JvdXJnSA1YBGhNiAEBmAEzuAEXyAEM2AED6AEB-AEBiAIBqAIBuAK165DFBsACAdICJDRkMzFkMTk0LTkxYjEtNDQwOS05ZmU4LTgzNTI0OTUxZTlmYtgCAeACAQ&ucfs=1&arphpl=1&group_adults=2&req_adults=2&no_rooms=1&group_children=0&req_children=0&hpos=2&hapos=2&sr_order=popularity&srpvid=c62b3b9a78c60334&srepoch=1755592115&from=searchresults,"Avec une note de 9,7
9,7
Exceptionnel
36 expériences vécues",48.2494107,7.3443202
b41eb2c9-2091-4625-a8f9-a255f6f9c176,794f211090be,Chateau du Haut Koenigsbourg,Au pied du Château,https://www.booking.com/hotel/fr/au-pied-du-chateau-orschwiller.fr.html?aid=304142&label=gen173nr-10CAQoggJCI3NlYXJjaF9jaGF0ZWF1IGR1IGhhdXQga29lbmlnc2JvdXJnSA1YBGhNiAEBmAEzuAEXyAEM2AED6AEB-AEBiAIBqAIBuAK165DFBsACAdICJDRkMzFkMTk0LTkxYjEtNDQwOS05ZmU4LTgzNTI0OTUxZTlmYtgCAeACAQ&ucfs=1&arphpl=1&group_adults=2&req_adults=2&no_rooms=1&group_children=0&req_children=0&hpos=3&hapos=3&sr_order=popularity&srpvid=c62b3b9a78c60334&srepoch=1755592115&from=searchresults,"Avec une note de 10
10
Exceptionnel
1 expérience vécue",48.2494107,7.3443202
af8e3146-1377-4a87-be7e-99d3ae5aedcf,83b47b11c640,Colmar,HAPPY HOME COLMAR with PRIVATE PARKING,https://www.booking.com/hotel/fr/happy-mama-colmar.fr.html?aid=304142&label=gen173nr-10CAQoggJCDXNlYXJjaF9jb2xtYXJIDVgEaE2IAQGYATO4ARfIAQzYAQPoAQH4AQGIAgGoAgG4ArzrkMUGwAIB0gIkYTljMTdmZjktMjYzMi00MjExLWIwOWYtYmQ0YTI1OGRiZjk52AIB4AIB&ucfs=1&arphpl=1&group_adults=2&req_adults=2&no_rooms=1&group_children=0&req_children=0&hpos=1&hapos=1&sr_order=popularity&srpvid=54b43b9ee4a60782&srepoch=1755592122&from=searchresults,"Avec une note de 8,3
8,3
Très bien
315 expériences vécues",48.0777517,7.3579641
08f53bf5-35da-4732-9ead-f3e129a59427,83b47b11c640,Colmar,Au Bonheur des Anges Appartement 2 chambres avec terrasse,https://www.booking.com/hotel/fr/au-bonheur-des-anges-colmar.fr.html?aid=304142&label=gen173nr-10CAQoggJCDXNlYXJjaF9jb2xtYXJIDVgEaE2IAQGYATO4ARfIAQzYAQPoAQH4AQGIAgGoAgG4ArzrkMUGwAIB0gIkYTljMTdmZjktMjYzMi00MjExLWIwOWYtYmQ0YTI1OGRiZjk52AIB4AIB&ucfs=1&arphpl=1&group_adults=2&req_adults=2&no_rooms=1&group_children=0&req_children=0&hpos=2&hapos=2&sr_order=popularity&srpvid=54b43b9ee4a60782&srepoch=1755592122&from=searchresults,"Avec une note de 8,1
8,1
Très bien
165 expériences vécues",48.0777517,7.3579641
f97124af-1334-4c85-b859-494bd0c2efd8,83b47b11c640,Colmar,L'ambassadeur - Colmar centre,https://www.booking.com/hotel/fr/l-39-ambassadeur-rdc-colmar.fr.html?aid=304142&label=gen173nr-10CAQoggJCDXNlYXJjaF9jb2xtYXJIDVgEaE2IAQGYATO4ARfIAQzYAQPoAQH4AQGIAgGoAgG4ArzrkMUGwAIB0gIkYTljMTdmZjktMjYzMi00MjExLWIwOWYtYmQ0YTI1OGRiZjk52AIB4AIB&ucfs=1&arphpl=1&group_adults=2&req_adults=2&no_rooms=1&group_children=0&req_children=0&hpos=3&hapos=3&sr_order=popularity&srpvid=54b43b9ee4a60782&srepoch=1755592122&from=searchresults,"Avec une note de 7,7
7,7
Bien 
2 137 expériences vécues",48.0777517,7.3579641
1550538a-6363-4ad1-a680-6390444b199a,b33bc6c3bd6e,Eguisheim,Hotel SPA Husseren Collections - Proche Colmar - Eguisheim,https://www.booking.com/hotel/fr/husseren-les-chateaux.fr.html?aid=304142&label=gen173nr-10CAQoggJCEHNlYXJjaF9lZ3Vpc2hlaW1IDVgEaE2IAQGYATO4ARfIAQzYAQPoAQH4AQGIAgGoAgG4AsPrkMUGwAIB0gIkYzk2NTZhZGUtZGIwNS00NWVmLTljYjYtMDJiNGM5YzAxNGY22AIB4AIB&ucfs=1&arphpl=1&group_adults=2&req_adults=2&no_rooms=1&group_children=0&req_children=0&hpos=1&hapos=1&sr_order=popularity&srpvid=4bff3ba14ddc0127&srepoch=1755592129&from=searchresults,"Avec une note de 8,9
8,9
Superbe
6 551 expériences vécues",48.0447968,7.3079618
5349f9f5-6768-4a2a-8a8b-891f4e9ec981,b33bc6c3bd6e,Eguisheim,Les pensées d'Anne & Marie duplex 4/6 Personnes,https://www.booking.com/hotel/fr/les-pensees-d-anne-amp-marie-duplex-4-6-personnes.fr.html?aid=304142&label=gen173nr-10CAQoggJCEHNlYXJjaF9lZ3Vpc2hlaW1IDVgEaE2IAQGYATO4ARfIAQzYAQPoAQH4AQGIAgGoAgG4AsPrkMUGwAIB0gIkYzk2NTZhZGUtZGIwNS00NWVmLTljYjYtMDJiNGM5YzAxNGY22AIB4AIB&ucfs=1&arphpl=1&group_adults=2&req_adults=2&no_rooms=1&group_children=0&req_children=0&hpos=2&hapos=2&sr_order=popularity&srpvid=4bff3ba14ddc0127&srepoch=1755592129&from=searchresults,"Avec une note de 9,7
9,7
Exceptionnel
27 expériences vécues",48.0447968,7.3079618
8ac2bac8-af5d-43a1-9266-cd30f0d614f7,b33bc6c3bd6e,Eguisheim,"James Vignoble Hôtel, Eguisheim",https://www.booking.com/hotel/fr/james-vignoble-eguisheim.fr.html?aid=304142&label=gen173nr-10CAQoggJCEHNlYXJjaF9lZ3Vpc2hlaW1IDVgEaE2IAQGYATO4ARfIAQzYAQPoAQH4AQGIAgGoAgG4AsPrkMUGwAIB0gIkYzk2NTZhZGUtZGIwNS00NWVmLTljYjYtMDJiNGM5YzAxNGY22AIB4AIB&ucfs=1&arphpl=1&group_adults=2&req_adults=2&no_rooms=1&group_children=0&req_children=0&hpos=3&hapos=3&sr_order=popularity&srpvid=4bff3ba14ddc0127&srepoch=1755592129&from=searchresults,"Avec une note de 8,6
8,6
Superbe
2 018 expériences vécues",48.0447968,7.3079618
bede28c4-0ebe-44ea-91b2-1355dabce2cd,ac3fbabf43fd,Besancon,Ave de la vaite,https://www.booking.com/hotel/fr/ave-de-la-vaite.fr.html?aid=304142&label=gen173nr-10CAQoggJCD3NlYXJjaF9iZXNhbmNvbkgNWARoTYgBAZgBM7gBF8gBDNgBA-gBAfgBAYgCAagCAbgCyuuQxQbAAgHSAiRlNzYwYmYwNi1mNWMwLTQ1Y2EtYjkxYS0zOWZiMTJjN2Y5ZWLYAgHgAgE&ucfs=1&arphpl=1&group_adults=2&req_adults=2&no_rooms=1&group_children=0&req_children=0&hpos=1&hapos=1&sr_order=popularity&srpvid=8df83ba5cef21a08&srepoch=1755592136&from=searchresults,"Avec une note de 8,2
8,2
Très bien
71 expériences vécues",47.2380222,6.0243622
9b356629-e3f8-4ddc-978d-ba128231e1cd,ac3fbabf43fd,Besancon,Hôtel Restaurant Spa Le Sauvage,https://www.booking.com/hotel/fr/ho-tel-le-sauvage-besanasson.fr.html?aid=304142&label=gen173nr-10CAQoggJCD3NlYXJjaF9iZXNhbmNvbkgNWARoTYgBAZgBM7gBF8gBDNgBA-gBAfgBAYgCAagCAbgCyuuQxQbAAgHSAiRlNzYwYmYwNi1mNWMwLTQ1Y2EtYjkxYS0zOWZiMTJjN2Y5ZWLYAgHgAgE&ucfs=1&arphpl=1&group_adults=2&req_adults=2&no_rooms=1&group_children=0&req_children=0&hpos=2&hapos=2&sr_order=popularity&srpvid=8df83ba5cef21a08&srepoch=1755592136&from=searchresults,"Avec une note de 8,6
8,6
Superbe
1 347 expériences vécues",47.2380222,6.0243622
8ec77a4b-4ae5-4c6d-a764-b87bdf4783cf,ac3fbabf43fd,Besancon,ibis Styles Besançon,https://www.booking.com/hotel/fr/besancon.fr.html?aid=304142&label=gen173nr-10CAQoggJCD3NlYXJjaF9iZXNhbmNvbkgNWARoTYgBAZgBM7gBF8gBDNgBA-gBAfgBAYgCAagCAbgCyuuQxQbAAgHSAiRlNzYwYmYwNi1mNWMwLTQ1Y2EtYjkxYS0zOWZiMTJjN2Y5ZWLYAgHgAgE&ucfs=1&arphpl=1&group_adults=2&req_adults=2&no_rooms=1&group_children=0&req_children=0&hpos=3&hapos=3&sr_order=popularity&srpvid=8df83ba5cef21a08&srepoch=1755592136&from=searchresults,"Avec une note de 7,8
7,8
Bien 
5 958 expériences vécues",47.2380222,6.0243622
84b76106-a86a-4de8-8b34-d98a34522f66,7c978763ccd2,Dijon,Suite - Le Monge - Dijon Centre Historique,https://www.booking.com/hotel/fr/le-monge.fr.html?aid=304142&label=gen173nr-10CAQoggJCDHNlYXJjaF9kaWpvbkgNWARoTYgBAZgBM7gBF8gBDNgBA-gBAfgBAYgCAagCAbgC0euQxQbAAgHSAiRmMGEwZmNiMi05Y2E5LTQxMzctODM2NC0zNWUyNmY1YjE0MWXYAgHgAgE&ucfs=1&arphpl=1&group_adults=2&req_adults=2&no_rooms=1&group_children=0&req_children=0&hpos=1&hapos=1&sr_order=popularity&srpvid=91353ba8967613cf&srepoch=1755592143&from=searchresults,"Avec une note de 9,3
9,3
Fabuleux 
59 expériences vécues",47.3215806,5.0414701
a14c6d3a-df48-4fc4-b060-6ce5ceed0f5e,7c978763ccd2,Dijon,Appartement Climatisé 7mn Centre Ville 95M2 4 Adultes Bébé Garage Sous sol Arrivée Autonome,https://www.booking.com/hotel/fr/bel-appartement-place-saint-joseph-4-a-5-pers-95m2-dijon.fr.html?aid=304142&label=gen173nr-10CAQoggJCDHNlYXJjaF9kaWpvbkgNWARoTYgBAZgBM7gBF8gBDNgBA-gBAfgBAYgCAagCAbgC0euQxQbAAgHSAiRmMGEwZmNiMi05Y2E5LTQxMzctODM2NC0zNWUyNmY1YjE0MWXYAgHgAgE&ucfs=1&arphpl=1&group_adults=2&req_adults=2&no_rooms=1&group_children=0&req_children=0&hpos=2&hapos=2&sr_order=popularity&srpvid=91353ba8967613cf&srepoch=1755592143&from=searchresults,"Avec une note de 9,4
9,4
Fabuleux 
63 expériences vécues",47.3215806,5.0414701
7f2d8224-2423-422d-a5ad-874f39437805,7c978763ccd2,Dijon,Le Moutardier : chaleureux T2 au coeur de ville,https://www.booking.com/hotel/fr/le-moutardier-chaleureux-t2-au-coeur-de-ville.fr.html?aid=304142&label=gen173nr-10CAQoggJCDHNlYXJjaF9kaWpvbkgNWARoTYgBAZgBM7gBF8gBDNgBA-gBAfgBAYgCAagCAbgC0euQxQbAAgHSAiRmMGEwZmNiMi05Y2E5LTQxMzctODM2NC0zNWUyNmY1YjE0MWXYAgHgAgE&ucfs=1&arphpl=1&group_adults=2&req_adults=2&no_rooms=1&group_children=0&req_children=0&hpos=3&hapos=3&sr_order=popularity&srpvid=91353ba8967613cf&srepoch=1755592143&from=searchresults,"Avec une note de 9,0
9,0
Fabuleux 
113 expériences vécues",47.3215806,5.0414701
0ad3be6f-eb09-4be0-8e3e-68e3b37bc9fc,6d78f94327fe,Annecy,LE LYRIQUE,https://www.booking.com/hotel/fr/le-lyrique.fr.html?aid=304142&label=gen173nr-10CAQoggJCDXNlYXJjaF9hbm5lY3lIDVgEaE2IAQGYATO4ARfIAQzYAQPoAQH4AQGIAgGoAgG4AtjrkMUGwAIB0gIkNjg0MGIxYmQtOThjNS00NGIzLTk1ZjAtZjc4NDYzMTNhZTg22AIB4AIB&ucfs=1&arphpl=1&group_adults=2&req_adults=2&no_rooms=1&group_children=0&req_children=0&hpos=1&hapos=1&sr_order=popularity&srpvid=898c3bac9f44090c&srepoch=1755592150&from=searchresults,"Avec une note de 8,8
8,8
Superbe
59 expériences vécues",45.8992348,6.1288847
571f27c4-8806-4f84-b657-d9f1c2e4f294,6d78f94327fe,Annecy,Les Capucines - Appartement moderne proche centre d'Annecy,https://www.booking.com/hotel/fr/appartement-gabin-annecy.fr.html?aid=304142&label=gen173nr-10CAQoggJCDXNlYXJjaF9hbm5lY3lIDVgEaE2IAQGYATO4ARfIAQzYAQPoAQH4AQGIAgGoAgG4AtjrkMUGwAIB0gIkNjg0MGIxYmQtOThjNS00NGIzLTk1ZjAtZjc4NDYzMTNhZTg22AIB4AIB&ucfs=1&arphpl=1&group_adults=2&req_adults=2&no_rooms=1&group_children=0&req_children=0&hpos=2&hapos=2&sr_order=popularity&srpvid=898c3bac9f44090c&srepoch=1755592150&from=searchresults,"Avec une note de 7,4
7,4
Bien 
25 expériences vécues",45.8992348,6.1288847
8bf8e6c9-8c79-4219-a02d-ef117675135a,6d78f94327fe,Annecy,Appartement Annecy Green,https://www.booking.com/hotel/fr/appartement-annecy-green.fr.html?aid=304142&label=gen173nr-10CAQoggJCDXNlYXJjaF9hbm5lY3lIDVgEaE2IAQGYATO4ARfIAQzYAQPoAQH4AQGIAgGoAgG4AtjrkMUGwAIB0gIkNjg0MGIxYmQtOThjNS00NGIzLTk1ZjAtZjc4NDYzMTNhZTg22AIB4AIB&ucfs=1&arphpl=1&group_adults=2&req_adults=2&no_rooms=1&group_children=0&req_children=0&hpos=3&hapos=3&sr_order=popularity&srpvid=898c3bac9f44090c&srepoch=1755592150&from=searchresults,"Avec une note de 8,5
8,5
Très bien
35 expériences vécues",45.8992348,6.1288847
d90d78be-b330-4264-80ea-0f3fc8d79f43,5fdd7011632d,Grenoble,Esprit Bistrot / Rent4night Grenoble,https://www.booking.com/hotel/fr/esprit-bistrot-rent4night-grenoble.fr.html?aid=304142&label=gen173nr-10CAQoggJCD3NlYXJjaF9ncmVub2JsZUgNWARoTYgBAZgBM7gBF8gBDNgBA-gBAfgBAYgCAagCAbgC3-uQxQbAAgHSAiRiOWMyZjRmMC05NzgxLTRmYjctOGRlZS0yNWM4ZmZmYzBhMWPYAgHgAgE&ucfs=1&arphpl=1&group_adults=2&req_adults=2&no_rooms=1&group_children=0&req_children=0&hpos=1&hapos=1&sr_order=popularity&srpvid=661c3bafbae801a1&srepoch=1755592158&from=searchresults,"Avec une note de 8,1
8,1
Très bien
165 expériences vécues",45.1875602,5.7357819
faa7cac3-0e8d-4ed0-ad7c-aa994a078e61,5fdd7011632d,Grenoble,Sweet Loft Grenoble-Love Room avec jacuzzi & sauna,https://www.booking.com/hotel/fr/sweet-loft-grenoble.fr.html?aid=304142&label=gen173nr-10CAQoggJCD3NlYXJjaF9ncmVub2JsZUgNWARoTYgBAZgBM7gBF8gBDNgBA-gBAfgBAYgCAagCAbgC3-uQxQbAAgHSAiRiOWMyZjRmMC05NzgxLTRmYjctOGRlZS0yNWM4ZmZmYzBhMWPYAgHgAgE&ucfs=1&arphpl=1&group_adults=2&req_adults=2&no_rooms=1&group_children=0&req_children=0&hpos=2&hapos=2&sr_order=popularity&srpvid=661c3bafbae801a1&srepoch=1755592158&from=searchresults,"Avec une note de 8,2
8,2
Très bien
104 expériences vécues",45.1875602,5.7357819
5dfe99f1-511e-426b-a583-2ecca8facde2,5fdd7011632d,Grenoble,Appartéa Grenoble Alpexpo,https://www.booking.com/hotel/fr/adagio-access-grenoble.fr.html?aid=304142&label=gen173nr-10CAQoggJCD3NlYXJjaF9ncmVub2JsZUgNWARoTYgBAZgBM7gBF8gBDNgBA-gBAfgBAYgCAagCAbgC3-uQxQbAAgHSAiRiOWMyZjRmMC05NzgxLTRmYjctOGRlZS0yNWM4ZmZmYzBhMWPYAgHgAgE&ucfs=1&arphpl=1&group_adults=2&req_adults=2&no_rooms=1&group_children=0&req_children=0&hpos=3&hapos=3&sr_order=popularity&srpvid=661c3bafbae801a1&srepoch=1755592158&from=searchresults,"Avec une note de 7,0
7,0
Bien 
1 421 expériences vécues",45.1875602,5.7357819
58bc46bf-bd67-4c47-ada6-274d42c60215,10b53d95e2d3,Lyon,le XVI de la Rose,https://www.booking.com/hotel/fr/le-xvi-de-la-rose.fr.html?aid=304142&label=gen173nr-10CAQoggJCC3NlYXJjaF9seW9uSA1YBGhNiAEBmAEzuAEXyAEM2AED6AEB-AEBiAIBqAIBuALm65DFBsACAdICJDU1NzA0NzhmLWY3Y2ItNDU0My1iZGFhLWI4YjdiM2YwMDU0YdgCAeACAQ&ucfs=1&arphpl=1&group_adults=2&req_adults=2&no_rooms=1&group_children=0&req_children=0&hpos=1&hapos=1&sr_order=popularity&srpvid=a3d43bb330b0053a&srepoch=1755592165&from=searchresults,"Avec une note de 8,0
8,0
Très bien
118 expériences vécues",45.7578137,4.8320114
774f22b0-67e9-4388-9266-ad50becba30e,10b53d95e2d3,Lyon,Honorê - Suites Bellecour,https://www.booking.com/hotel/fr/appartements-bellecour-a-riva-lofts-amp-suites.fr.html?aid=304142&label=gen173nr-10CAQoggJCC3NlYXJjaF9seW9uSA1YBGhNiAEBmAEzuAEXyAEM2AED6AEB-AEBiAIBqAIBuALm65DFBsACAdICJDU1NzA0NzhmLWY3Y2ItNDU0My1iZGFhLWI4YjdiM2YwMDU0YdgCAeACAQ&ucfs=1&arphpl=1&group_adults=2&req_adults=2&no_rooms=1&group_children=0&req_children=0&hpos=2&hapos=2&sr_order=popularity&srpvid=a3d43bb330b0053a&srepoch=1755592165&from=searchresults,"Avec une note de 8,5
8,5
Très bien
198 expériences vécues",45.7578137,4.8320114
f650f007-0501-4805-9460-8c463b2adf7d,10b53d95e2d3,Lyon,Pur bonheur Hôtel de ville - clim et balnéo AIL,https://www.booking.com/hotel/fr/charme-traditionnel-et-design-moderne-en-plein-centre-de-lyon.fr.html?aid=304142&label=gen173nr-10CAQoggJCC3NlYXJjaF9seW9uSA1YBGhNiAEBmAEzuAEXyAEM2AED6AEB-AEBiAIBqAIBuALm65DFBsACAdICJDU1NzA0NzhmLWY3Y2ItNDU0My1iZGFhLWI4YjdiM2YwMDU0YdgCAeACAQ&ucfs=1&arphpl=1&group_adults=2&req_adults=2&no_rooms=1&group_children=0&req_children=0&hpos=3&hapos=3&sr_order=popularity&srpvid=a3d43bb330b0053a&srepoch=1755592165&from=searchresults,"Avec une note de 8,9
8,9
Superbe
34 expériences vécues",45.7578137,4.8320114
0b1baea5-12d4-4031-989f-a747636b5147,f7a03e5c5dd7,Gorges du Verdon,Résidence Lou Cigaloun - ANA LOCATION,https://www.booking.com/hotel/fr/residence-lou-cigaloun-greoux-les-bains.fr.html?aid=304142&label=gen173nr-10CAQoggJCF3NlYXJjaF9nb3JnZXMgZHUgdmVyZG9uSA1YBGhNiAEBmAEzuAEXyAEM2AED6AEB-AEBiAIBqAIBuALu65DFBsACAdICJDYzZmI5NGMwLWNiZGUtNDU4Ni1hMmE4LWUxYTc5MDc2NzA2NtgCAeACAQ&ucfs=1&arphpl=1&group_adults=2&req_adults=2&no_rooms=1&group_children=0&req_children=0&hpos=1&hapos=1&sr_order=popularity&srpvid=3a593bb7a2410116&srepoch=1755592172&from=searchresults,"Avec une note de 9,2
9,2
Fabuleux 
178 expériences vécues",43.7496562,6.3285616
fd3ab737-e9db-48c4-bac8-de1bb0d98e1e,f7a03e5c5dd7,Gorges du Verdon,Hôtel Sainte Anne,https://www.booking.com/hotel/fr/ha-tel-sainte-anne.fr.html?aid=304142&label=gen173nr-10CAQoggJCF3NlYXJjaF9nb3JnZXMgZHUgdmVyZG9uSA1YBGhNiAEBmAEzuAEXyAEM2AED6AEB-AEBiAIBqAIBuALu65DFBsACAdICJDYzZmI5NGMwLWNiZGUtNDU4Ni1hMmE4LWUxYTc5MDc2NzA2NtgCAeACAQ&ucfs=1&arphpl=1&group_adults=2&req_adults=2&no_rooms=1&group_children=0&req_children=0&hpos=2&hapos=2&sr_order=popularity&srpvid=3a593bb7a2410116&srepoch=1755592172&from=searchresults,"Avec une note de 7,7
7,7
Bien 
333 expériences vécues",43.7496562,6.3285616
ebbc401c-eee5-41eb-94c9-4f26c7169e63,f7a03e5c5dd7,Gorges du Verdon,Hôtel & Résidence Lou Paradou Gréoux Les Bains,https://www.booking.com/hotel/fr/hotellouparadou.fr.html?aid=304142&label=gen173nr-10CAQoggJCF3NlYXJjaF9nb3JnZXMgZHUgdmVyZG9uSA1YBGhNiAEBmAEzuAEXyAEM2AED6AEB-AEBiAIBqAIBuALu65DFBsACAdICJDYzZmI5NGMwLWNiZGUtNDU4Ni1hMmE4LWUxYTc5MDc2NzA2NtgCAeACAQ&ucfs=1&arphpl=1&group_adults=2&req_adults=2&no_rooms=1&group_children=0&req_children=0&hpos=3&hapos=3&sr_order=popularity&srpvid=3a593bb7a2410116&srepoch=1755592172&from=searchresults,"Avec une note de 8,8
8,8
Superbe
1 197 expériences vécues",43.7496562,6.3285616
379320ea-3914-4334-b78b-b25606517827,e5fcdbaf84c4,Bormes les Mimosas,Le Hameau de la Nicolinière,https://www.booking.com/hotel/fr/le-hameau-de-la-nicolinia-re.fr.html?aid=304142&label=gen173nr-10CAQoggJCGXNlYXJjaF9ib3JtZXMgbGVzIG1pbW9zYXNIDVgEaE2IAQGYATO4ARfIAQzYAQPoAQH4AQGIAgGoAgG4AvXrkMUGwAIB0gIkYjMwYTBkYzUtY2JmOS00NWU0LWIwMjItNDZmOTQwZjAzM2Zl2AIB4AIB&ucfs=1&arphpl=1&group_adults=2&req_adults=2&no_rooms=1&group_children=0&req_children=0&hpos=1&hapos=1&sr_order=popularity&srpvid=52a93bba162f020e&srepoch=1755592179&from=searchresults,"Avec une note de 9,2
9,2
Fabuleux 
9 expériences vécues",43.1506968,6.3419285
613b5036-cf13-4137-8282-92ab655d6125,e5fcdbaf84c4,Bormes les Mimosas,Les Eucalyptus,https://www.booking.com/hotel/fr/les-eucalyptus-bormes-les-mimosas.fr.html?aid=304142&label=gen173nr-10CAQoggJCGXNlYXJjaF9ib3JtZXMgbGVzIG1pbW9zYXNIDVgEaE2IAQGYATO4ARfIAQzYAQPoAQH4AQGIAgGoAgG4AvXrkMUGwAIB0gIkYjMwYTBkYzUtY2JmOS00NWU0LWIwMjItNDZmOTQwZjAzM2Zl2AIB4AIB&ucfs=1&arphpl=1&group_adults=2&req_adults=2&no_rooms=1&group_children=0&req_children=0&hpos=2&hapos=2&sr_order=popularity&srpvid=52a93bba162f020e&srepoch=1755592179&from=searchresults,"Avec une note de 9,0
9,0
Fabuleux 
1 expérience vécue",43.1506968,6.3419285
5a3e1bf4-2f5d-4d3e-88a2-a82831be9e20,e5fcdbaf84c4,Bormes les Mimosas,"L'Odyssée provençale, un duplex de charme de 2 chambres au pied du village médiéval de Bormes-les-Mimosas, offrant des prestations haut de gamme et une superbe vue sur le Massif des Maures",https://www.booking.com/hotel/fr/duplex-de-charme-t3-dernier-etage-vue-collines.fr.html?aid=304142&label=gen173nr-10CAQoggJCGXNlYXJjaF9ib3JtZXMgbGVzIG1pbW9zYXNIDVgEaE2IAQGYATO4ARfIAQzYAQPoAQH4AQGIAgGoAgG4AvXrkMUGwAIB0gIkYjMwYTBkYzUtY2JmOS00NWU0LWIwMjItNDZmOTQwZjAzM2Zl2AIB4AIB&ucfs=1&arphpl=1&group_adults=2&req_adults=2&no_rooms=1&group_children=0&req_children=0&hpos=3&hapos=3&sr_order=popularity&srpvid=52a93bba162f020e&srepoch=1755592179&from=searchresults,"Avec une note de 9,6
9,6
Exceptionnel
45 expériences vécues",43.1506968,6.3419285
654b1cdc-1702-41f1-aa67-b6d2fa813d4f,9ce2d0d8095b,Cassis,La suite du clos de la tour Cassis,https://www.booking.com/hotel/fr/le-clos-de-la-tour-cassis-cassis.fr.html?aid=304142&label=gen173nr-10CAQoggJCDXNlYXJjaF9jYXNzaXNIDVgEaE2IAQGYATO4ARfIAQzYAQPoAQH4AQGIAgGoAgG4AvzrkMUGwAIB0gIkMDEwY2VkN2YtYzVmOC00ODE1LWIxZDMtYThjYjZiMjIyZWM12AIB4AIB&ucfs=1&arphpl=1&group_adults=2&req_adults=2&no_rooms=1&group_children=0&req_children=0&hpos=1&hapos=1&sr_order=popularity&srpvid=45d93bbe3c960130&srepoch=1755592186&from=searchresults,"Avec une note de 9,2
9,2
Fabuleux 
5 expériences vécues",43.2140359,5.5396318
b26e7b1c-bd61-4d84-9730-7091023a551a,9ce2d0d8095b,Cassis,Home Cassis - Maison Les Calanques - Piscine chauffée à 30c,https://www.booking.com/hotel/fr/home-cassis.fr.html?aid=304142&label=gen173nr-10CAQoggJCDXNlYXJjaF9jYXNzaXNIDVgEaE2IAQGYATO4ARfIAQzYAQPoAQH4AQGIAgGoAgG4AvzrkMUGwAIB0gIkMDEwY2VkN2YtYzVmOC00ODE1LWIxZDMtYThjYjZiMjIyZWM12AIB4AIB&ucfs=1&arphpl=1&group_adults=2&req_adults=2&no_rooms=1&group_children=0&req_children=0&hpos=2&hapos=2&sr_order=popularity&srpvid=45d93bbe3c960130&srepoch=1755592186&from=searchresults,"Avec une note de 8,2
8,2
Très bien
197 expériences vécues",43.2140359,5.5396318
d7f9ed78-ae8a-4c45-b025-1168cd090708,9ce2d0d8095b,Cassis,LOU CIGALOU,https://www.booking.com/hotel/fr/lou-cigalou-cassis.fr.html?aid=304142&label=gen173nr-10CAQoggJCDXNlYXJjaF9jYXNzaXNIDVgEaE2IAQGYATO4ARfIAQzYAQPoAQH4AQGIAgGoAgG4AvzrkMUGwAIB0gIkMDEwY2VkN2YtYzVmOC00ODE1LWIxZDMtYThjYjZiMjIyZWM12AIB4AIB&ucfs=1&arphpl=1&group_adults=2&req_adults=2&no_rooms=1&group_children=0&req_children=0&hpos=3&hapos=3&sr_order=popularity&srpvid=45d93bbe3c960130&srepoch=1755592186&from=searchresults,"Avec une note de 9,2
9,2
Fabuleux 
33 expériences vécues",43.2140359,5.5396318
8a820bc8-780b-4818-8ef9-5aa7c5f30724,6a5b4d7eaece,Marseille,"Superbe appart 3 p, 10 mn de la plage avec piscine et parking",https://www.booking.com/hotel/fr/superbe-appart-3-p-10-mn-de-la-plage-avec-piscine.fr.html?aid=304142&label=gen173nr-10CAQoggJCEHNlYXJjaF9tYXJzZWlsbGVIDVgEaE2IAQGYATO4ARfIAQzYAQPoAQH4AQGIAgGoAgG4AoPskMUGwAIB0gIkZjgzNTM1ZjEtMGM0MC00NDQ5LTg3ODctOWZiYzYyMDZlMzkx2AIB4AIB&ucfs=1&arphpl=1&group_adults=2&req_adults=2&no_rooms=1&group_children=0&req_children=0&hpos=1&hapos=1&sr_order=popularity&srpvid=90123bc11b150613&srepoch=1755592193&from=searchresults,"Avec une note de 8,9
8,9
Superbe
75 expériences vécues",43.2961743,5.3699525
4e4668c8-04ef-4432-b28a-2308b5065fc3,6a5b4d7eaece,Marseille,La LUNA of MARSEILLE - VILLA D'ARCHITECTE B&B,https://www.booking.com/hotel/fr/la-luna-marseille.fr.html?aid=304142&label=gen173nr-10CAQoggJCEHNlYXJjaF9tYXJzZWlsbGVIDVgEaE2IAQGYATO4ARfIAQzYAQPoAQH4AQGIAgGoAgG4AoPskMUGwAIB0gIkZjgzNTM1ZjEtMGM0MC00NDQ5LTg3ODctOWZiYzYyMDZlMzkx2AIB4AIB&ucfs=1&arphpl=1&group_adults=2&req_adults=2&no_rooms=1&group_children=0&req_children=0&hpos=2&hapos=2&sr_order=popularity&srpvid=90123bc11b150613&srepoch=1755592193&from=searchresults,"Avec une note de 9,2
9,2
Fabuleux 
91 expériences vécues",43.2961743,5.3699525
cb13f1b7-6e64-44cf-b527-9abc27848e56,6a5b4d7eaece,Marseille,Auberge de Jeunesse HI Marseille Bois-Luzy,https://www.booking.com/hotel/fr/auberge-de-jeunesse-hi-marseille-bois-luzy.fr.html?aid=304142&label=gen173nr-10CAQoggJCEHNlYXJjaF9tYXJzZWlsbGVIDVgEaE2IAQGYATO4ARfIAQzYAQPoAQH4AQGIAgGoAgG4AoPskMUGwAIB0gIkZjgzNTM1ZjEtMGM0MC00NDQ5LTg3ODctOWZiYzYyMDZlMzkx2AIB4AIB&ucfs=1&arphpl=1&group_adults=2&req_adults=2&no_rooms=1&group_children=0&req_children=0&hpos=3&hapos=3&sr_order=popularity&srpvid=90123bc11b150613&srepoch=1755592193&from_sustainable_property_sr=1&from=searchresults,"Avec une note de 7,7
7,7
Bien 
792 expériences vécues",43.2961743,5.3699525
e9973c4e-6acb-4787-83f2-0f7ab3be8fb1,f7f4b61ca081,Aix en Provence,B&B Villa Roumanille,https://www.booking.com/hotel/fr/villa-roumanille.fr.html?aid=304142&label=gen173nr-10CAQoggJCFnNlYXJjaF9haXggZW4gcHJvdmVuY2VIDVgEaE2IAQGYATO4ARfIAQzYAQPoAQH4AQGIAgGoAgG4AorskMUGwAIB0gIkMTU5N2E2NTQtM2E0ZS00ZGUzLTk5ZGYtNmNmZTg3Nzg5Mjdh2AIB4AIB&ucfs=1&arphpl=1&group_adults=2&req_adults=2&no_rooms=1&group_children=0&req_children=0&hpos=1&hapos=1&sr_order=popularity&srpvid=dae63bc5427a0eb5&srepoch=1755592201&from=searchresults,"Avec une note de 9,2
9,2
Fabuleux 
256 expériences vécues",43.5298424,5.4474738
f6a70a5e-8b09-40ad-9ca4-c241bac0f2f5,f7f4b61ca081,Aix en Provence,Villa Tassigny,https://www.booking.com/hotel/fr/maison-centre-d-aix-en-provence.fr.html?aid=304142&label=gen173nr-10CAQoggJCFnNlYXJjaF9haXggZW4gcHJvdmVuY2VIDVgEaE2IAQGYATO4ARfIAQzYAQPoAQH4AQGIAgGoAgG4AorskMUGwAIB0gIkMTU5N2E2NTQtM2E0ZS00ZGUzLTk5ZGYtNmNmZTg3Nzg5Mjdh2AIB4AIB&ucfs=1&arphpl=1&group_adults=2&req_adults=2&no_rooms=1&group_children=0&req_children=0&hpos=2&hapos=2&sr_order=popularity&srpvid=dae63bc5427a0eb5&srepoch=1755592201&from=searchresults,"Avec une note de 9,4
9,4
Fabuleux 
33 expériences vécues",43.5298424,5.4474738
73d1b01a-615f-4664-9ee2-0516eae08364,f7f4b61ca081,Aix en Provence,Villa La Source - Location à Aix en Provence,https://www.booking.com/hotel/fr/la-villa-la-source-en-provence.fr.html?aid=304142&label=gen173nr-10CAQoggJCFnNlYXJjaF9haXggZW4gcHJvdmVuY2VIDVgEaE2IAQGYATO4ARfIAQzYAQPoAQH4AQGIAgGoAgG4AorskMUGwAIB0gIkMTU5N2E2NTQtM2E0ZS00ZGUzLTk5ZGYtNmNmZTg3Nzg5Mjdh2AIB4AIB&ucfs=1&arphpl=1&group_adults=2&req_adults=2&no_rooms=1&group_children=0&req_children=0&hpos=3&hapos=3&sr_order=popularity&srpvid=dae63bc5427a0eb5&srepoch=1755592201&from=searchresults,"Avec une note de 9,3
9,3
Fabuleux 
4 expériences vécues",43.5298424,5.4474738
16d08244-664a-4f1c-a3d3-35246d611b64,a76b712fa6fd,Avignon,"Le Cosy du Gal, à 2 Pas du Palais des Papes parking gratuit securisé",https://www.booking.com/hotel/fr/les-2-arbres.fr.html?aid=304142&label=gen173nr-10CAQoggJCDnNlYXJjaF9hdmlnbm9uSA1YBGhNiAEBmAEzuAEXyAEM2AED6AEB-AEBiAIBqAIBuAKR7JDFBsACAdICJGJhMzBiZDYzLWI2NjUtNGVkMi04ZDAzLTM3NmUzMDU3MmM0NNgCAeACAQ&ucfs=1&arphpl=1&group_adults=2&req_adults=2&no_rooms=1&group_children=0&req_children=0&hpos=1&hapos=1&sr_order=popularity&srpvid=80623bc8060203e9&srepoch=1755592208&from=searchresults,"Avec une note de 8,1
8,1
Très bien
12 expériences vécues",43.9492493,4.8059012
634405f6-89b6-432d-b114-e10f64b7e37a,a76b712fa6fd,Avignon,CLIMATISATION-Hypercentre-PARKING-COSY CARNOT-AVIGNONSMILE,https://www.booking.com/hotel/fr/hypercentre-cosy-carnot-avignonsmile.fr.html?aid=304142&label=gen173nr-10CAQoggJCDnNlYXJjaF9hdmlnbm9uSA1YBGhNiAEBmAEzuAEXyAEM2AED6AEB-AEBiAIBqAIBuAKR7JDFBsACAdICJGJhMzBiZDYzLWI2NjUtNGVkMi04ZDAzLTM3NmUzMDU3MmM0NNgCAeACAQ&ucfs=1&arphpl=1&group_adults=2&req_adults=2&no_rooms=1&group_children=0&req_children=0&hpos=2&hapos=2&sr_order=popularity&srpvid=80623bc8060203e9&srepoch=1755592208&from=searchresults,"Avec une note de 7,8
7,8
Bien 
74 expériences vécues",43.9492493,4.8059012
d1ad6a0a-3874-4028-ae59-c00e4c1c8e95,a76b712fa6fd,Avignon,Hotel Mignon,https://www.booking.com/hotel/fr/mignon.fr.html?aid=304142&label=gen173nr-10CAQoggJCDnNlYXJjaF9hdmlnbm9uSA1YBGhNiAEBmAEzuAEXyAEM2AED6AEB-AEBiAIBqAIBuAKR7JDFBsACAdICJGJhMzBiZDYzLWI2NjUtNGVkMi04ZDAzLTM3NmUzMDU3MmM0NNgCAeACAQ&ucfs=1&arphpl=1&group_adults=2&req_adults=2&no_rooms=1&group_children=0&req_children=0&hpos=3&hapos=3&sr_order=popularity&srpvid=80623bc8060203e9&srepoch=1755592208&from=searchresults,"Avec une note de 7,2
7,2
Bien 
311 expériences vécues",43.9492493,4.8059012
07b4d433-4510-484b-8223-7c3086827c48,975923312ee1,Uzes,Mazet de la Lavande,https://www.booking.com/hotel/fr/mazet-de-la-lavande.fr.html?aid=304142&label=gen173nr-10CAQoggJCC3NlYXJjaF91emVzSA1YBGhNiAEBmAEzuAEXyAEM2AED6AEB-AEBiAIBqAIBuAKZ7JDFBsACAdICJDJjODhmNTAzLTUxNjYtNDM2ZC04ZjNmLTA4MmY3NTQxZDk1OdgCAeACAQ&ucfs=1&arphpl=1&group_adults=2&req_adults=2&no_rooms=1&group_children=0&req_children=0&hpos=1&hapos=1&sr_order=popularity&srpvid=e9e03bccc2950727&srepoch=1755592215&from=searchresults,"Avec une note de 9,7
9,7
Exceptionnel
24 expériences vécues",44.0121279,4.4196718
45dd060c-b307-4191-a342-70d3e71d8534,975923312ee1,Uzes,appartement 3 min a pied du centre d'Uzès parking piscine,https://www.booking.com/hotel/fr/mas-des-oliviers-uzes.fr.html?aid=304142&label=gen173nr-10CAQoggJCC3NlYXJjaF91emVzSA1YBGhNiAEBmAEzuAEXyAEM2AED6AEB-AEBiAIBqAIBuAKZ7JDFBsACAdICJDJjODhmNTAzLTUxNjYtNDM2ZC04ZjNmLTA4MmY3NTQxZDk1OdgCAeACAQ&ucfs=1&arphpl=1&group_adults=2&req_adults=2&no_rooms=1&group_children=0&req_children=0&hpos=2&hapos=2&sr_order=popularity&srpvid=e9e03bccc2950727&srepoch=1755592215&from=searchresults,"Avec une note de 8,8
8,8
Superbe
119 expériences vécues",44.0121279,4.4196718
fd7e4b43-f7b9-4772-8371-2f6c314c5bb1,975923312ee1,Uzes,Domaine de Privadière & Spa,https://www.booking.com/hotel/fr/domaine-de-privadiere.fr.html?aid=304142&label=gen173nr-10CAQoggJCC3NlYXJjaF91emVzSA1YBGhNiAEBmAEzuAEXyAEM2AED6AEB-AEBiAIBqAIBuAKZ7JDFBsACAdICJDJjODhmNTAzLTUxNjYtNDM2ZC04ZjNmLTA4MmY3NTQxZDk1OdgCAeACAQ&ucfs=1&arphpl=1&group_adults=2&req_adults=2&no_rooms=1&group_children=0&req_children=0&hpos=3&hapos=3&sr_order=popularity&srpvid=e9e03bccc2950727&srepoch=1755592215&from=searchresults,"Avec une note de 9,3
9,3
Fabuleux 
100 expériences vécues",44.0121279,4.4196718
6067a479-16b1-4ceb-aa24-018a47e9bb95,17b7723e85eb,Nimes,Royal Hôtel,https://www.booking.com/hotel/fr/royal.fr.html?aid=304142&label=gen173nr-10CAQoggJCDHNlYXJjaF9uaW1lc0gNWARoTYgBAZgBM7gBF8gBDNgBA-gBAfgBAYgCAagCAbgCn-yQxQbAAgHSAiRmZDg5MTIyOS1lZDA2LTQ2YmYtOTM1OS1hYzY0MTU3ZDJjMzfYAgHgAgE&ucfs=1&arphpl=1&group_adults=2&req_adults=2&no_rooms=1&group_children=0&req_children=0&hpos=1&hapos=1&sr_order=popularity&srpvid=ec813bcfd3a20378&srepoch=1755592222&from=searchresults,"Avec une note de 8,4
8,4
Très bien
3 364 expériences vécues",43.8374249,4.3600687
0550ef2d-cd81-432a-97c6-ed75c05bee4c,17b7723e85eb,Nimes,Hotel Mas De Galoffre,https://www.booking.com/hotel/fr/mas-de-galoffre.fr.html?aid=304142&label=gen173nr-10CAQoggJCDHNlYXJjaF9uaW1lc0gNWARoTYgBAZgBM7gBF8gBDNgBA-gBAfgBAYgCAagCAbgCn-yQxQbAAgHSAiRmZDg5MTIyOS1lZDA2LTQ2YmYtOTM1OS1hYzY0MTU3ZDJjMzfYAgHgAgE&ucfs=1&arphpl=1&group_adults=2&req_adults=2&no_rooms=1&group_children=0&req_children=0&hpos=2&hapos=2&sr_order=popularity&srpvid=ec813bcfd3a20378&srepoch=1755592222&from=searchresults,"Avec une note de 7,5
7,5
Bien 
514 expériences vécues",43.8374249,4.3600687
8223963a-33d4-4fd0-b19d-ce9f56be5991,17b7723e85eb,Nimes,Résidence Du Golf,https://www.booking.com/hotel/fr/residence-du-golf.fr.html?aid=304142&label=gen173nr-10CAQoggJCDHNlYXJjaF9uaW1lc0gNWARoTYgBAZgBM7gBF8gBDNgBA-gBAfgBAYgCAagCAbgCn-yQxQbAAgHSAiRmZDg5MTIyOS1lZDA2LTQ2YmYtOTM1OS1hYzY0MTU3ZDJjMzfYAgHgAgE&ucfs=1&arphpl=1&group_adults=2&req_adults=2&no_rooms=1&group_children=0&req_children=0&hpos=3&hapos=3&sr_order=popularity&srpvid=ec813bcfd3a20378&srepoch=1755592222&from=searchresults,"Avec une note de 8,5
8,5
Très bien
128 expériences vécues",43.8374249,4.3600687
8741b8e7-2a0c-408f-82fe-83475d6963bf,ae45e2f863bb,Aigues Mortes,La Villa Mazarin,https://www.booking.com/hotel/fr/la-villa-mazarin.fr.html?aid=304142&label=gen173nr-10CAQoggJCFHNlYXJjaF9haWd1ZXMgbW9ydGVzSA1YBGhNiAEBmAEzuAEXyAEM2AED6AEB-AEBiAIBqAIBuAKn7JDFBsACAdICJGVmMTgwZjdiLTk4NWUtNGNmMS1iMGFlLWVjYjc2ZTA1YzVjY9gCAeACAQ&ucfs=1&arphpl=1&group_adults=2&req_adults=2&no_rooms=1&group_children=0&req_children=0&hpos=1&hapos=1&sr_order=popularity&srpvid=1c073bd385240b55&srepoch=1755592229&from=searchresults,"Avec une note de 9,2
9,2
Fabuleux 
1 162 expériences vécues",43.5661521,4.19154
48a341a9-993a-448e-b7b7-c53c9814c048,ae45e2f863bb,Aigues Mortes,Maison chaleureuse à 5 mins des remparts,https://www.booking.com/hotel/fr/maison-chaleureuse-a-5-mins-des-remparts-aigues-mortes.fr.html?aid=304142&label=gen173nr-10CAQoggJCFHNlYXJjaF9haWd1ZXMgbW9ydGVzSA1YBGhNiAEBmAEzuAEXyAEM2AED6AEB-AEBiAIBqAIBuAKn7JDFBsACAdICJGVmMTgwZjdiLTk4NWUtNGNmMS1iMGFlLWVjYjc2ZTA1YzVjY9gCAeACAQ&ucfs=1&arphpl=1&group_adults=2&req_adults=2&no_rooms=1&group_children=0&req_children=0&hpos=2&hapos=2&sr_order=popularity&srpvid=1c073bd385240b55&srepoch=1755592229&from=searchresults,"Avec une note de 9,5
9,5
Exceptionnel
13 expériences vécues",43.5661521,4.19154
b84681ba-9e8b-48b8-b5cd-ff3e7dc2394a,ae45e2f863bb,Aigues Mortes,Artemia Aigues-Mortes - Hotel avec piscine,https://www.booking.com/hotel/fr/le-royal-hotel-aigues-mortes.fr.html?aid=304142&label=gen173nr-10CAQoggJCFHNlYXJjaF9haWd1ZXMgbW9ydGVzSA1YBGhNiAEBmAEzuAEXyAEM2AED6AEB-AEBiAIBqAIBuAKn7JDFBsACAdICJGVmMTgwZjdiLTk4NWUtNGNmMS1iMGFlLWVjYjc2ZTA1YzVjY9gCAeACAQ&ucfs=1&arphpl=1&group_adults=2&req_adults=2&no_rooms=1&group_children=0&req_children=0&hpos=3&hapos=3&sr_order=popularity&srpvid=1c073bd385240b55&srepoch=1755592229&from=searchresults,"Avec une note de 8,8
8,8
Superbe
499 expériences vécues",43.5661521,4.19154
084aa82c-0968-4b4b-8e77-d8cb46eb40b4,a24e1bba5fd4,Saintes Maries de la mer,Mas De Calabrun,https://www.booking.com/hotel/fr/mas-de-calabrun.fr.html?aid=304142&label=gen173nr-10CAQoggJCH3NlYXJjaF9zYWludGVzIG1hcmllcyBkZSBsYSBtZXJIDVgEaE2IAQGYATO4ARfIAQzYAQPoAQH4AQGIAgGoAgG4Aq3skMUGwAIB0gIkOWIxOTk4Y2MtY2Q4Yi00NTU2LWJkYTctYTZlMzYxODY4ODJk2AIB4AIB&ucfs=1&arphpl=1&group_adults=2&req_adults=2&no_rooms=1&group_children=0&req_children=0&hpos=1&hapos=1&sr_order=popularity&srpvid=9fc23bd68dad0402&srepoch=1755592236&from=searchresults,"Avec une note de 8,6
8,6
Superbe
534 expériences vécues",43.4515922,4.4277202
2a345a37-3a2f-424c-b694-e94ae88c0f6d,a24e1bba5fd4,Saintes Maries de la mer,Hotel Le Bleu Marine,https://www.booking.com/hotel/fr/le-bleu-marine.fr.html?aid=304142&label=gen173nr-10CAQoggJCH3NlYXJjaF9zYWludGVzIG1hcmllcyBkZSBsYSBtZXJIDVgEaE2IAQGYATO4ARfIAQzYAQPoAQH4AQGIAgGoAgG4Aq3skMUGwAIB0gIkOWIxOTk4Y2MtY2Q4Yi00NTU2LWJkYTctYTZlMzYxODY4ODJk2AIB4AIB&ucfs=1&arphpl=1&group_adults=2&req_adults=2&no_rooms=1&group_children=0&req_children=0&hpos=2&hapos=2&sr_order=popularity&srpvid=9fc23bd68dad0402&srepoch=1755592236&from=searchresults,"Avec une note de 7,4
7,4
Bien 
1 798 expériences vécues",43.4515922,4.4277202
533e2e10-6657-4e92-9841-7e456a34d272,a24e1bba5fd4,Saintes Maries de la mer,Hotel Les Palmiers En Camargue,https://www.booking.com/hotel/fr/les-palmiers-en-camargue.fr.html?aid=304142&label=gen173nr-10CAQoggJCH3NlYXJjaF9zYWludGVzIG1hcmllcyBkZSBsYSBtZXJIDVgEaE2IAQGYATO4ARfIAQzYAQPoAQH4AQGIAgGoAgG4Aq3skMUGwAIB0gIkOWIxOTk4Y2MtY2Q4Yi00NTU2LWJkYTctYTZlMzYxODY4ODJk2AIB4AIB&ucfs=1&arphpl=1&group_adults=2&req_adults=2&no_rooms=1&group_children=0&req_children=0&hpos=3&hapos=3&sr_order=popularity&srpvid=9fc23bd68dad0402&srepoch=1755592236&from=searchresults,"Avec une note de 8,2
8,2
Très bien
1 963 expériences vécues",43.4515922,4.4277202
c0962c1e-9e1d-4d59-88cf-86f3d84f098b,4cc9af0bda9a,Collioure,Résidence St Vincent,https://www.booking.com/hotel/fr/residence-saint-vincent.fr.html?aid=304142&label=gen173nr-10CAQoggJCEHNlYXJjaF9jb2xsaW91cmVIDVgEaE2IAQGYATO4ARfIAQzYAQPoAQH4AQGIAgGoAgG4ArXskMUGwAIB0gIkNTZhYzk5MDUtMmY4MS00MzRkLWE0M2MtYzE5ZTgyNTc4ZTc02AIB4AIB&ucfs=1&arphpl=1&group_adults=2&req_adults=2&no_rooms=1&group_children=0&req_children=0&hpos=1&hapos=1&sr_order=popularity&srpvid=440f3bdae20c03e0&srepoch=1755592243&from=searchresults,"Avec une note de 8,3
8,3
Très bien
214 expériences vécues",42.52505,3.0831554
7a027463-f821-456f-a027-d6bf2670e9e0,4cc9af0bda9a,Collioure,Hotel Méditerranée,https://www.booking.com/hotel/fr/mediterranee-collioure.fr.html?aid=304142&label=gen173nr-10CAQoggJCEHNlYXJjaF9jb2xsaW91cmVIDVgEaE2IAQGYATO4ARfIAQzYAQPoAQH4AQGIAgGoAgG4ArXskMUGwAIB0gIkNTZhYzk5MDUtMmY4MS00MzRkLWE0M2MtYzE5ZTgyNTc4ZTc02AIB4AIB&ucfs=1&arphpl=1&group_adults=2&req_adults=2&no_rooms=1&group_children=0&req_children=0&hpos=2&hapos=2&sr_order=popularity&srpvid=440f3bdae20c03e0&srepoch=1755592243&from=searchresults,"Avec une note de 8,0
8,0
Très bien
1 003 expériences vécues",42.52505,3.0831554
5ce95bb6-c64a-46aa-a1f1-ff67d1a86517,4cc9af0bda9a,Collioure,La Frégate,https://www.booking.com/hotel/fr/la-fra-c-gate-collioure.fr.html?aid=304142&label=gen173nr-10CAQoggJCEHNlYXJjaF9jb2xsaW91cmVIDVgEaE2IAQGYATO4ARfIAQzYAQPoAQH4AQGIAgGoAgG4ArXskMUGwAIB0gIkNTZhYzk5MDUtMmY4MS00MzRkLWE0M2MtYzE5ZTgyNTc4ZTc02AIB4AIB&ucfs=1&arphpl=1&group_adults=2&req_adults=2&no_rooms=1&group_children=0&req_children=0&hpos=3&hapos=3&sr_order=popularity&srpvid=440f3bdae20c03e0&srepoch=1755592243&from=searchresults,"Avec une note de 8,3
8,3
Très bien
1 622 expériences vécues",42.52505,3.0831554
72081a44-408b-471c-bb7e-0fa35ea5f514,90283dbcb014,Carcassonne,"Au pied de La Cité, piscine, vue extraordinaire, gîte La Trivala",https://www.booking.com/hotel/fr/porte-de-la-cite-medievale-carcassonne.fr.html?aid=304142&label=gen173nr-10CAQoggJCEnNlYXJjaF9jYXJjYXNzb25uZUgNWARoTYgBAZgBM7gBF8gBDNgBA-gBAfgBAYgCAagCAbgCvOyQxQbAAgHSAiQ1NWNjNjg5NC0xYzA4LTRhZjgtOWRkNy1mMDU2NjZiOGNiODDYAgHgAgE&ucfs=1&arphpl=1&group_adults=2&req_adults=2&no_rooms=1&group_children=0&req_children=0&hpos=1&hapos=1&sr_order=popularity&srpvid=7c9c3bdeb1ab047d&srepoch=1755592250&from=searchresults,"Avec une note de 9,7
9,7
Exceptionnel
56 expériences vécues",43.2130358,2.3491069
d00e8b12-af3f-4f5d-877b-335d8fc82494,90283dbcb014,Carcassonne,Le Logis GOUT - L'Oustal,https://www.booking.com/hotel/fr/le-logis-gout-l-39-oustal.fr.html?aid=304142&label=gen173nr-10CAQoggJCEnNlYXJjaF9jYXJjYXNzb25uZUgNWARoTYgBAZgBM7gBF8gBDNgBA-gBAfgBAYgCAagCAbgCvOyQxQbAAgHSAiQ1NWNjNjg5NC0xYzA4LTRhZjgtOWRkNy1mMDU2NjZiOGNiODDYAgHgAgE&ucfs=1&arphpl=1&group_adults=2&req_adults=2&no_rooms=1&group_children=0&req_children=0&hpos=2&hapos=2&sr_order=popularity&srpvid=7c9c3bdeb1ab047d&srepoch=1755592250&from=searchresults,"Avec une note de 8,2
8,2
Très bien
172 expériences vécues",43.2130358,2.3491069
2f5f8a24-425b-4a4e-b3cd-b0130633d1f4,90283dbcb014,Carcassonne,Appartements Cote pont Vieux-Self Check-In,https://www.booking.com/hotel/fr/cote-pont-vieux.fr.html?aid=304142&label=gen173nr-10CAQoggJCEnNlYXJjaF9jYXJjYXNzb25uZUgNWARoTYgBAZgBM7gBF8gBDNgBA-gBAfgBAYgCAagCAbgCvOyQxQbAAgHSAiQ1NWNjNjg5NC0xYzA4LTRhZjgtOWRkNy1mMDU2NjZiOGNiODDYAgHgAgE&ucfs=1&arphpl=1&group_adults=2&req_adults=2&no_rooms=1&group_children=0&req_children=0&hpos=3&hapos=3&sr_order=popularity&srpvid=7c9c3bdeb1ab047d&srepoch=1755592250&from=searchresults,"Avec une note de 8,3
8,3
Très bien
597 expériences vécues",43.2130358,2.3491069
c44b023d-1696-401c-9c62-d593e37475f6,6b599cb3b957,Ariege,La Bruyère - chez Martine,https://www.booking.com/hotel/fr/la-bruyere-chez-martine.fr.html?aid=304142&label=gen173nr-10CAQoggJCDXNlYXJjaF9hcmllZ2VIDVgEaE2IAQGYATO4ARfIAQzYAQPoAQH4AQGIAgGoAgG4AsPskMUGwAIB0gIkMDIzM2JmNGEtM2M0NC00NDc5LWI1ZWItYzBjM2M1ZDc1NmNm2AIB4AIB&ucfs=1&arphpl=1&group_adults=2&req_adults=2&no_rooms=1&group_children=0&req_children=0&hpos=1&hapos=1&sr_order=popularity&srpvid=1c073be189240076&srepoch=1755592258&from=searchresults,"Avec une note de 9,1
9,1
Fabuleux 
160 expériences vécues",42.9455368,1.4065544
67e40edd-198b-44ea-91e4-16164ba83efb,6b599cb3b957,Ariege,"Demeure de la Carmine, sejour bien-etre d'exception, piscine, hammam, champagne",https://www.booking.com/hotel/fr/demeure-de-la-carmine.fr.html?aid=304142&label=gen173nr-10CAQoggJCDXNlYXJjaF9hcmllZ2VIDVgEaE2IAQGYATO4ARfIAQzYAQPoAQH4AQGIAgGoAgG4AsPskMUGwAIB0gIkMDIzM2JmNGEtM2M0NC00NDc5LWI1ZWItYzBjM2M1ZDc1NmNm2AIB4AIB&ucfs=1&arphpl=1&group_adults=2&req_adults=2&no_rooms=1&group_children=0&req_children=0&hpos=2&hapos=2&sr_order=popularity&srpvid=1c073be189240076&srepoch=1755592258&from=searchresults,"Avec une note de 9,7
9,7
Exceptionnel
145 expériences vécues",42.9455368,1.4065544
90a45897-2267-493a-8fbe-8ee3fdbe3996,6b599cb3b957,Ariege,Bedbreakfastbikespyrenees,https://www.booking.com/hotel/fr/bedbreakfastbikespyrenees.fr.html?aid=304142&label=gen173nr-10CAQoggJCDXNlYXJjaF9hcmllZ2VIDVgEaE2IAQGYATO4ARfIAQzYAQPoAQH4AQGIAgGoAgG4AsPskMUGwAIB0gIkMDIzM2JmNGEtM2M0NC00NDc5LWI1ZWItYzBjM2M1ZDc1NmNm2AIB4AIB&ucfs=1&arphpl=1&group_adults=2&req_adults=2&no_rooms=1&group_children=0&req_children=0&hpos=3&hapos=3&sr_order=popularity&srpvid=1c073be189240076&srepoch=1755592258&from=searchresults,"Avec une note de 9,2
9,2
Fabuleux 
127 expériences vécues",42.9455368,1.4065544
60a70773-308a-40bc-afb0-969b1286d3df,43b3fa47f36a,Toulouse,Residhome Toulouse Tolosa,https://www.booking.com/hotel/fr/residhome-toulouse-tolosa.fr.html?aid=304142&label=gen173nr-10CAQoggJCD3NlYXJjaF90b3Vsb3VzZUgNWARoTYgBAZgBM7gBF8gBDNgBA-gBAfgBAYgCAagCAbgCyuyQxQbAAgHSAiRkNThmNTg2YS1lZmU5LTQ1YjYtYWJkZi1mOTBlMDllMDgzN2LYAgHgAgE&ucfs=1&arphpl=1&group_adults=2&req_adults=2&no_rooms=1&group_children=0&req_children=0&hpos=1&hapos=1&sr_order=popularity&srpvid=1f8e3be5f4710493&srepoch=1755592265&from=searchresults,"Avec une note de 8,4
8,4
Très bien
2 360 expériences vécues",43.6044622,1.4442469
af553500-d81f-4080-a3a8-b250d25bffa7,43b3fa47f36a,Toulouse,"Henrigolant, studio cosy",https://www.booking.com/hotel/fr/henrigolant-studio-cosy-toulouse.fr.html?aid=304142&label=gen173nr-10CAQoggJCD3NlYXJjaF90b3Vsb3VzZUgNWARoTYgBAZgBM7gBF8gBDNgBA-gBAfgBAYgCAagCAbgCyuyQxQbAAgHSAiRkNThmNTg2YS1lZmU5LTQ1YjYtYWJkZi1mOTBlMDllMDgzN2LYAgHgAgE&ucfs=1&arphpl=1&group_adults=2&req_adults=2&no_rooms=1&group_children=0&req_children=0&hpos=2&hapos=2&sr_order=popularity&srpvid=1f8e3be5f4710493&srepoch=1755592265&from=searchresults,"Avec une note de 8,0
8,0
Très bien
99 expériences vécues",43.6044622,1.4442469
f14792a0-c96e-40d1-9c67-1fc0b17853e1,43b3fa47f36a,Toulouse,Le cercle doré,https://www.booking.com/hotel/fr/le-cercle-dore.fr.html?aid=304142&label=gen173nr-10CAQoggJCD3NlYXJjaF90b3Vsb3VzZUgNWARoTYgBAZgBM7gBF8gBDNgBA-gBAfgBAYgCAagCAbgCyuyQxQbAAgHSAiRkNThmNTg2YS1lZmU5LTQ1YjYtYWJkZi1mOTBlMDllMDgzN2LYAgHgAgE&ucfs=1&arphpl=1&group_adults=2&req_adults=2&no_rooms=1&group_children=0&req_children=0&hpos=3&hapos=3&sr_order=popularity&srpvid=1f8e3be5f4710493&srepoch=1755592265&from=searchresults,"Avec une note de 7,4
7,4
Bien 
86 expériences vécues",43.6044622,1.4442469
98c11a93-e728-42fd-9527-2ad4606cd95c,eb1591916474,Montauban,Sure Hotel by Best Western Les Portes de Montauban,https://www.booking.com/hotel/fr/sure-by-best-western-les-portes-de-montauban.fr.html?aid=304142&label=gen173nr-10CAQoggJCEHNlYXJjaF9tb250YXViYW5IDVgEaE2IAQGYATO4ARfIAQzYAQPoAQH4AQGIAgGoAgG4AtHskMUGwAIB0gIkNjlkOGEyODMtMmY4YS00ZjQ0LWJhMjctYWEzOTc3ZTRmNzkx2AIB4AIB&ucfs=1&arphpl=1&group_adults=2&req_adults=2&no_rooms=1&group_children=0&req_children=0&hpos=1&hapos=1&sr_order=popularity&srpvid=893e3be85b420836&srepoch=1755592272&from_sustainable_property_sr=1&from=searchresults,"Avec une note de 8,8
8,8
Superbe
1 539 expériences vécues",44.0175835,1.3549991
4789d20e-2913-4276-a61b-412a5ffeafcc,eb1591916474,Montauban,Domaine de Belcayre,https://www.booking.com/hotel/fr/domaine-de-belcayre.fr.html?aid=304142&label=gen173nr-10CAQoggJCEHNlYXJjaF9tb250YXViYW5IDVgEaE2IAQGYATO4ARfIAQzYAQPoAQH4AQGIAgGoAgG4AtHskMUGwAIB0gIkNjlkOGEyODMtMmY4YS00ZjQ0LWJhMjctYWEzOTc3ZTRmNzkx2AIB4AIB&ucfs=1&arphpl=1&group_adults=2&req_adults=2&no_rooms=1&group_children=0&req_children=0&hpos=2&hapos=2&sr_order=popularity&srpvid=893e3be85b420836&srepoch=1755592272&from=searchresults,"Avec une note de 8,8
8,8
Superbe
236 expériences vécues",44.0175835,1.3549991
8b00a53d-513a-456e-8e7d-bebdd6d36ed3,eb1591916474,Montauban,COSYment parfait,https://www.booking.com/hotel/fr/cosyment-parfait.fr.html?aid=304142&label=gen173nr-10CAQoggJCEHNlYXJjaF9tb250YXViYW5IDVgEaE2IAQGYATO4ARfIAQzYAQPoAQH4AQGIAgGoAgG4AtHskMUGwAIB0gIkNjlkOGEyODMtMmY4YS00ZjQ0LWJhMjctYWEzOTc3ZTRmNzkx2AIB4AIB&ucfs=1&arphpl=1&group_adults=2&req_adults=2&no_rooms=1&group_children=0&req_children=0&hpos=3&hapos=3&sr_order=popularity&srpvid=893e3be85b420836&srepoch=1755592272&from=searchresults,"Avec une note de 8,0
8,0
Très bien
136 expériences vécues",44.0175835,1.3549991
f939108f-5684-43f0-a88f-5899906efb3b,156a5a30ee81,Biarritz,Hôtel PALMITO,https://www.booking.com/hotel/fr/palym-biarritz.fr.html?aid=304142&label=gen173nr-10CAQoggJCD3NlYXJjaF9iaWFycml0ekgNWARoTYgBAZgBM7gBF8gBDNgBA-gBAfgBAYgCAagCAbgC2eyQxQbAAgHSAiQyZWYxYWFkMi0yNDdjLTQzNjMtOWU3ZC04NmU5YTRmMjMwYTnYAgHgAgE&ucfs=1&arphpl=1&group_adults=2&req_adults=2&no_rooms=1&group_children=0&req_children=0&hpos=1&hapos=1&sr_order=popularity&srpvid=bb753becca5806be&srepoch=1755592279&from_sustainable_property_sr=1&from=searchresults,"Avec une note de 8,5
8,5
Très bien
1 642 expériences vécues",43.4832523,-1.5592776
323ad120-13b9-46d5-8ceb-ead4e4f4ba35,156a5a30ee81,Biarritz,Sofitel Biarritz Le Miramar Thalassa,https://www.booking.com/hotel/fr/thalassa-miramar-biarritz.fr.html?aid=304142&label=gen173nr-10CAQoggJCD3NlYXJjaF9iaWFycml0ekgNWARoTYgBAZgBM7gBF8gBDNgBA-gBAfgBAYgCAagCAbgC2eyQxQbAAgHSAiQyZWYxYWFkMi0yNDdjLTQzNjMtOWU3ZC04NmU5YTRmMjMwYTnYAgHgAgE&ucfs=1&arphpl=1&group_adults=2&req_adults=2&no_rooms=1&group_children=0&req_children=0&hpos=2&hapos=2&sr_order=popularity&srpvid=bb753becca5806be&srepoch=1755592279&from_sustainable_property_sr=1&from=searchresults,"Avec une note de 7,7
7,7
Bien 
550 expériences vécues",43.4832523,-1.5592776
77ae3e78-ccd8-42fc-a262-2e7533cbdce6,156a5a30ee81,Biarritz,Lagrange Vacances Les Patios Eugénie,https://www.booking.com/hotel/fr/lagrange-prestige-les-patios-euga-c-nie.fr.html?aid=304142&label=gen173nr-10CAQoggJCD3NlYXJjaF9iaWFycml0ekgNWARoTYgBAZgBM7gBF8gBDNgBA-gBAfgBAYgCAagCAbgC2eyQxQbAAgHSAiQyZWYxYWFkMi0yNDdjLTQzNjMtOWU3ZC04NmU5YTRmMjMwYTnYAgHgAgE&ucfs=1&arphpl=1&group_adults=2&req_adults=2&no_rooms=1&group_children=0&req_children=0&hpos=3&hapos=3&sr_order=popularity&srpvid=bb753becca5806be&srepoch=1755592279&from=searchresults,"Avec une note de 7,8
7,8
Bien 
196 expériences vécues",43.4832523,-1.5592776
500beda1-85df-4f12-a85d-0146b6e4434b,25621b1061c4,Bayonne,Hotel Cote Basque,https://www.booking.com/hotel/fr/cote-basque.fr.html?aid=304142&label=gen173nr-10CAQoggJCDnNlYXJjaF9iYXlvbm5lSA1YBGhNiAEBmAEzuAEXyAEM2AED6AEB-AEBiAIBqAIBuALg7JDFBsACAdICJDU3M2E3ZWMxLTAxM2ItNGIyZS05MzE0LTAwYjc0NjJkODJmOdgCAeACAQ&ucfs=1&arphpl=1&group_adults=2&req_adults=2&no_rooms=1&group_children=0&req_children=0&hpos=1&hapos=1&sr_order=popularity&srpvid=8f4d3bf083c80629&srepoch=1755592286&from=searchresults,"Avec une note de 8,0
8,0
Très bien
4 536 expériences vécues",43.4945144,-1.4736657
d003d6aa-aa67-4256-9442-e0949b9d75e3,25621b1061c4,Bayonne,Hotel Loreak,https://www.booking.com/hotel/fr/comfort-bayonne-biarritz.fr.html?aid=304142&label=gen173nr-10CAQoggJCDnNlYXJjaF9iYXlvbm5lSA1YBGhNiAEBmAEzuAEXyAEM2AED6AEB-AEBiAIBqAIBuALg7JDFBsACAdICJDU3M2E3ZWMxLTAxM2ItNGIyZS05MzE0LTAwYjc0NjJkODJmOdgCAeACAQ&ucfs=1&arphpl=1&group_adults=2&req_adults=2&no_rooms=1&group_children=0&req_children=0&hpos=2&hapos=2&sr_order=popularity&srpvid=8f4d3bf083c80629&srepoch=1755592286&from=searchresults,"Avec une note de 8,3
8,3
Très bien
1 490 expériences vécues",43.4945144,-1.4736657
7192f4bc-04aa-431d-a6fa-650ae276c343,25621b1061c4,Bayonne,Grand Appartement dans une Maison,https://www.booking.com/hotel/fr/abritel-bayonne.fr.html?aid=304142&label=gen173nr-10CAQoggJCDnNlYXJjaF9iYXlvbm5lSA1YBGhNiAEBmAEzuAEXyAEM2AED6AEB-AEBiAIBqAIBuALg7JDFBsACAdICJDU3M2E3ZWMxLTAxM2ItNGIyZS05MzE0LTAwYjc0NjJkODJmOdgCAeACAQ&ucfs=1&arphpl=1&group_adults=2&req_adults=2&no_rooms=1&group_children=0&req_children=0&hpos=3&hapos=3&sr_order=popularity&srpvid=8f4d3bf083c80629&srepoch=1755592286&from=searchresults,"Avec une note de 9,6
9,6
Exceptionnel
6 expériences vécues",43.4945144,-1.4736657
2b0a67e7-87b1-44fe-b40e-c86d90a5e2ed,3a6c4162eb27,La Rochelle,Maison Caju - La Rochelle,https://www.booking.com/hotel/fr/maison-plume-la-rochelle.fr.html?aid=304142&label=gen173nr-10CAQoggJCEnNlYXJjaF9sYSByb2NoZWxsZUgNWARoTYgBAZgBM7gBF8gBDNgBA-gBAfgBAYgCAagCAbgC5-yQxQbAAgHSAiRmZTdhMDc2Mi03OTFhLTQ3ZWQtYTE1Ni03ODkwNzJmNTg2MDbYAgHgAgE&ucfs=1&arphpl=1&group_adults=2&req_adults=2&no_rooms=1&group_children=0&req_children=0&hpos=1&hapos=1&sr_order=popularity&srpvid=977b3bf33cab0367&srepoch=1755592294&from=searchresults,"Avec une note de 8,9
8,9
Superbe
283 expériences vécues",46.159732,-1.1515951
921f1982-644c-4611-aceb-b2bbac213dff,3a6c4162eb27,La Rochelle,Yacht EVASION La Rochelle - Bateau insolite,https://www.booking.com/hotel/fr/yacht-de-luxe-privatif-a-quai-la-rochelle.fr.html?aid=304142&label=gen173nr-10CAQoggJCEnNlYXJjaF9sYSByb2NoZWxsZUgNWARoTYgBAZgBM7gBF8gBDNgBA-gBAfgBAYgCAagCAbgC5-yQxQbAAgHSAiRmZTdhMDc2Mi03OTFhLTQ3ZWQtYTE1Ni03ODkwNzJmNTg2MDbYAgHgAgE&ucfs=1&arphpl=1&group_adults=2&req_adults=2&no_rooms=1&group_children=0&req_children=0&hpos=2&hapos=2&sr_order=popularity&srpvid=977b3bf33cab0367&srepoch=1755592294&from=searchresults,"Avec une note de 8,6
8,6
Superbe
63 expériences vécues",46.159732,-1.1515951
c8ffdd90-e75c-4131-a347-ffa986d764a1,3a6c4162eb27,La Rochelle,"Hôtel Le Yachtman, The Originals Collection",https://www.booking.com/hotel/fr/le-yachtman.fr.html?aid=304142&label=gen173nr-10CAQoggJCEnNlYXJjaF9sYSByb2NoZWxsZUgNWARoTYgBAZgBM7gBF8gBDNgBA-gBAfgBAYgCAagCAbgC5-yQxQbAAgHSAiRmZTdhMDc2Mi03OTFhLTQ3ZWQtYTE1Ni03ODkwNzJmNTg2MDbYAgHgAgE&ucfs=1&arphpl=1&group_adults=2&req_adults=2&no_rooms=1&group_children=0&req_children=0&hpos=3&hapos=3&sr_order=popularity&srpvid=977b3bf33cab0367&srepoch=1755592294&from=searchresults,"Avec une note de 8,0
8,0
Très bien
1 830 expériences vécues",46.159732,-1.1515951
